itemId,title,condition,conditionId,price.value,price.currency,seller.username,seller.feedbackPercentage,seller.feedbackScore,itemLocation.country,marketingPrice.originalPrice.value,marketingPrice.discountPercentage,shipping_cost,days_listed,category_id,category_name,seller_item_count,model_number
v1|356605678205|625572140283,Apple iPhone 16 128GB Unlocked Very Good Condition,Very Good - Refurbished,2020,687.5,USD,directauth,97.7,23260,US,732.99,6,0,137,9355,Cell Phones & Smartphones,24,16
v1|146686958770|0,Apple iPhone 16 Plus A3082 - AT&T Only - 128GB Ultramarine - A GRADE,Used,3000,567.99,USD,teeerashop,98.8,6810,US,,,0,9,9355,Cell Phones & Smartphones,5,16
v1|296819057702|594602532243,Apple iPhone 16 256GB Factory Unlocked AT&T T-Mobile Verizon Very Good Condition,Very Good - Refurbished,2020,677.95,USD,supplytronics,98.3,115563,US,,,0,239,9355,Cell Phones & Smartphones,45,16
v1|355095070816|624350343870,Apple iPhone 14 128GB Network Unlocked Very Good Condition,Very Good - Refurbished,2020,326.46,USD,directauth,97.7,23260,US,699,53,0,641,9355,Cell Phones & Smartphones,24,14
v1|356036252976|625079333117,Apple iPhone 15 A2846 128GB Unlocked Excellent Condition,Excellent - Refurbished,2010,479.29,USD,directauth,97.7,23260,US,629.97,24,0,303,9355,Cell Phones & Smartphones,24,15
v1|355896538160|624955594339,Apple iPhone 14 Pro Max 256GB Unlocked Very Good Condition,Very Good - Refurbished,2020,583.16,USD,directauth,97.7,23260,US,1199,51,0,352,9355,Cell Phones & Smartphones,24,14
v1|267251710138|567037639498,‚úîÔ∏èNEW! Apple iPhone 16E (2025)  Factory üîì Unlocked 128/256GB - 100% üîã Battery,Open box,1500,619,USD,beltronusa,99.4,21780,US,,,0,58,9355,Cell Phones & Smartphones,3,16
v1|176215204681|475663630412,Shockproof Mag Safe Case For iPhone 16 15 14 Pro Max 13 12 11 Camera Lens Cover,New,1000,8.98,USD,xgwholesales,97.6,15511,US,,,0,528,20349,"Cases, Covers & Skins",4,16
v1|405613175344|675914392357,Apple iPhone 16 128GB Unlocked - Excellent,Excellent - Refurbished,2010,648.99,USD,bidallies,98,353823,US,799,19,0,128,9355,Cell Phones & Smartphones,14,16
v1|305910464525|605156912553,Apple iPhone 16 Plus 128GB Unlocked AT&T T-Mobile Verizon Excellent Condition,Excellent - Refurbished,2010,667.95,USD,supplytronics,98.3,115563,US,,,0,239,9355,Cell Phones & Smartphones,45,16
v1|186920017109|694982756866,Apple iPhone 16 Plus 512GB ( Unlocked) US E-Sim Version. Excellent,Excellent - Refurbished,2010,783.99,USD,amazing-wireless,99.7,147826,US,,,0,163,9355,Cell Phones & Smartphones,1,16
v1|125901581091|426855623264,For iPhone 16 15 Pro Max 14 13 12 11 XR X Phone Case Heavy Duty Shockproof Cover,New,1000,8.48,USD,qzw_vision,98.3,96743,US,,,0,809,20349,"Cases, Covers & Skins",5,16
v1|365716498993|0,Apple iPhone 16e NEW - 128 GB - Black (Verizon/Spectrum),New,1000,399.99,USD,jaksselectronics,100,13,US,,,0,4,9355,Cell Phones & Smartphones,1,16
v1|356605688915|625572005828,Apple iPhone 16 128GB Unlocked Excellent Condition,Excellent - Refurbished,2010,705,USD,directauth,97.7,23260,US,,,0,137,9355,Cell Phones & Smartphones,24,16
v1|296890540172|594654890070,Apple iPhone 16 Plus 128GB Unlocked AT&T T-Mobile Verizon Very Good Condition,Very Good - Refurbished,2020,653.95,USD,supplytronics,98.3,115563,US,899,27,0,205,9355,Cell Phones & Smartphones,45,16
v1|306008182029|605325513113,Apple iPhone 16 Pro 128GB Unlocked AT&T T-Mobile Verizon Very Good Condition,Very Good - Refurbished,2020,756.95,USD,supplytronics,98.3,115563,US,,,0,193,9355,Cell Phones & Smartphones,45,16
v1|356605666849|625572032191,Apple iPhone 16 Plus 128GB Unlocked Excellent Condition,Excellent - Refurbished,2010,749.93,USD,directauth,97.7,23260,US,831.99,10,0,137,9355,Cell Phones & Smartphones,24,16
v1|226837212103|0,Apple iPhone 16 - 256 GB - Black (Unlocked) Open Box - 100% Battery Health,Open box,1500,729.95,USD,nycphonebuyer,94.6,1431,US,753.97,3,0,15,9355,Cell Phones & Smartphones,1,16
v1|296803620749|594593936893,Apple iPhone 16 Pro 256GB Unlocked AT&T T-Mobile Verizon Very Good Condition,Very Good - Refurbished,2020,831.95,USD,supplytronics,98.3,115563,US,,,0,246,9355,Cell Phones & Smartphones,45,16
v1|196914148379|0,Apple iPhone 16 A3081 Spectrum Only 128GB Pink Very Good,Very Good - Refurbished,2020,479.99,USD,yywirelesss,98,152818,US,,,0,197,9355,Cell Phones & Smartphones,58,16
v1|406041294079|0,Apple iPhone 16 Pro - 256 GB - Space Black - AT&T,Used,3000,500,USD,b_and_e,100,8,US,,,,0,9355,Cell Phones & Smartphones,1,16
v1|388699913050|0,Apple iPhone 16 Pro Max 256GB Unlocked,New,1000,750,USD,heyyr59,100,7,US,,,0,0,9355,Cell Phones & Smartphones,1,16
v1|256473384960|556659682338,Apple iPhone 14 128GB Unlocked - Excellent,Excellent - Refurbished,2010,349.99,USD,cellfeee,97.8,120601,US,799,56,0,459,9355,Cell Phones & Smartphones,3,14
v1|316383852899|614965183441,For Samsung iPhone 15 16 Pro Max 60W USB-C to USB C Cable Fast Charger Cord Lot,New,1000,304.99,USD,oscommerc-45,98.1,8937,US,381.24,20,0,137,123422,Cables & Adapters,2,15
v1|335941533902|545485724470,Apple iPhone 16 - 128 GB 256 GB 512 GB - Fully Unlocked - 100% Battery Excellent,Excellent - Refurbished,2010,789,USD,stellar2506,99.1,340,US,830.53,5,0,71,9355,Cell Phones & Smartphones,17,16
v1|356605671415|625572127697,Apple iPhone 16 Plus 128GB Unlocked Very Good Condition,Very Good - Refurbished,2020,728.46,USD,directauth,97.7,23260,US,807.99,10,0,137,9355,Cell Phones & Smartphones,24,16
v1|306136832964|605594968092,Apple iPhone 16 Plus 128GB Factory Unlocked Open Box Mint Smartphone A3082,Open box,1500,707.95,USD,supplytronics,98.3,115563,US,899,21,0,138,9355,Cell Phones & Smartphones,45,16
v1|306199101954|605748876836,Apple iPhone 16 Pro 128GB Factory Unlocked AT&T T-Mobile Verizon Fair Condition,Used,3000,704.95,USD,supplytronics,98.3,115563,US,,,0,110,9355,Cell Phones & Smartphones,45,16
v1|224682146317|525535239950,For iPhone 16 Pro Max 15 14 13 12 11 Plus Case Phone Cover and Tempered Glass,New,1000,7.99,USD,starshop18,98.3,124673,US,,,0,1342,20349,"Cases, Covers & Skins",5,16
v1|326404357889|515521866604,Apple iPhone 14 Pro 128GB Fully Unlocked - VERY GOOD Condition,Very Good - Refurbished,2020,455.99,USD,gadget-solutions,97.9,7314,US,,,0,180,9355,Cell Phones & Smartphones,7,14
v1|355896536737|624955641494,Apple iPhone 14 Pro A2650 256GB Unlocked Very Good Condition,Very Good - Refurbished,2020,503.51,USD,directauth,97.7,23260,US,1099,54,0,352,9355,Cell Phones & Smartphones,24,14
v1|226666329648|525845028204,Apple iPhone 15 128GB - Fully Unlocked- VERY GOOD Condition,Very Good - Refurbished,2020,474.99,USD,gadget-solutions,97.9,7314,US,,,0,107,9355,Cell Phones & Smartphones,7,15
v1|354954080213|624239406138,Apple iPhone 14 Pro A2650 128GB Network Unlocked Excellent Condition,Excellent - Refurbished,2010,493.75,USD,directauth,97.7,23260,US,999,51,0,710,9355,Cell Phones & Smartphones,24,14
v1|354954088639|624239583759,Apple iPhone 14 Pro A2650 128GB Network Unlocked Very Good Condition,Very Good - Refurbished,2020,460.91,USD,directauth,97.7,23260,US,999,54,0,710,9355,Cell Phones & Smartphones,24,14
v1|196954569231|0,Apple iPhone 16 A3081 T-Mobile Only 128GB Pink Very Good,Very Good - Refurbished,2020,529.99,USD,yywirelesss,98,152818,US,,0,0,175,9355,Cell Phones & Smartphones,58,16
v1|226382919878|525573341275,Apple iPhone 14 Pro 128/256/512GB/1TB - Unlocked - All Colors - Used Excellent,Used,3000,554.99,USD,electronicdea1s,97.4,11559,US,,,0,282,9355,Cell Phones & Smartphones,7,14
v1|126664751453|427707916222,For iPhone 16 Pro Max 15 14 13 11 Case Phone Shockproof Cover + Tempered Glass,New,1000,7.99,USD,case7-inc,98.3,18940,US,,,0,306,20349,"Cases, Covers & Skins",1,16
v1|297380320200|594878114231,Apple iPhone 16e 256GB Factory Unlocked ATT T-Mobile Verizon Excellent Condition,Excellent - Refurbished,2010,539.95,USD,supplytronics,98.3,115563,US,699,23,0,36,9355,Cell Phones & Smartphones,45,16
v1|305910464635|605156993287,Apple iPhone 16 Plus 256GB Unlocked AT&T T-Mobile Verizon Excellent Condition,Excellent - Refurbished,2010,747.95,USD,supplytronics,98.3,115563,US,,,0,239,9355,Cell Phones & Smartphones,45,16
v1|126243867990|427709964528,For iPhone 16e 15 14 Plus 13 12 11 Pro Max Frost Case Mag Safe Shockproof Cover,New,1000,9.98,USD,qzw_vision,98.3,96743,US,,,0,570,20349,"Cases, Covers & Skins",5,16
v1|177227364756|0,Apple iPhone 16 A3081 Verizon Only 128GB Pink Excellent,Excellent - Refurbished,2010,569.99,USD,yywirelesss,98,152818,US,,,0,14,9355,Cell Phones & Smartphones,58,16
v1|197522476023|0,iPhone 16 Pro Max 256GB,Used,3000,1080,USD,ashka3033,0,0,US,,,0,0,9355,Cell Phones & Smartphones,1,16
v1|386904772514|654165805787,Apple iPhone 15 128GB Unlocked - Excellent,Excellent - Refurbished,2010,485.99,USD,bidallies,98,353823,US,799,39,0,465,9355,Cell Phones & Smartphones,14,15
v1|205594505947|0,New Sealed iPhone 16 ATT ONLY! Locked To ATT Not Unlocked,New,1000,569.99,USD,a-z_gadgets,100,3669,US,582.47,2,0,9,9355,Cell Phones & Smartphones,1,16
v1|177043144004|0,Apple iPhone 15 A2846 AT&T Only 128GB Black New In Box,New,1000,439.99,USD,yywirelesss,98,152818,US,,,0,77,9355,Cell Phones & Smartphones,58,15
v1|305910464195|605156818005,Apple iPhone 16 Plus 256GB Unlocked AT&T T-Mobile Verizon Very Good Condition,Very Good - Refurbished,2020,705.95,USD,supplytronics,98.3,115563,US,,,0,239,9355,Cell Phones & Smartphones,45,16
v1|276709075827|2560142653717,For iPhone 16 Pro Max 15 14 13 12 11 Magnetic Case Shockproof N Screen Protector,New,1000,9.99,USD,circlemalls2013,97.8,82031,US,,,0,255,20349,"Cases, Covers & Skins",1,16
v1|305903153951|0,Apple iPhone 16 Pro Max - 256GB - Black Titanium (Unlocked) - Open Box,Open box,1500,1039.99,USD,gadgetpickup,99.4,6191,US,,0,0,242,9355,Cell Phones & Smartphones,2,16
v1|305941852056|605212625795,Apple iPhone 16 Pro 256GB Unlocked AT&T T-Mobile Verizon Excellent Condition,Excellent - Refurbished,2010,864.95,USD,supplytronics,98.3,115563,US,1099,21,0,224,9355,Cell Phones & Smartphones,45,16
v1|296832980312|594613019390,Apple iPhone 16 Pro 128GB Unlocked AT&T T-Mobile Verizon Excellent Condition,Excellent - Refurbished,2010,779.95,USD,supplytronics,98.3,115563,US,999,22,0,231,9355,Cell Phones & Smartphones,45,16
v1|135101224295|434563003301,Apple iPhone 15 Fully Unlocked 6.1in 256GB - Excellent,Excellent - Refurbished,2010,559,USD,guaranteecellular,99.9,170144,US,745,25,0,395,9355,Cell Phones & Smartphones,4,15
v1|226373510597|0,Apple iPhone 15 256GB Black 100% Battery Unlocked Smartphone,Excellent - Refurbished,2010,549,USD,1shopdirect305,99.7,22643,US,839,35,0,287,9355,Cell Phones & Smartphones,5,15
v1|297226141688|0,Apple iPhone 14 128GB Blue Verizon - NEW & SEALED,New,1000,379.99,USD,itsworthmore,98.7,95499,US,417.99,9,0,85,9355,Cell Phones & Smartphones,24,14
v1|157113621696|458607804383,Apple iPhone 16 Pro Max 256GB 512GB 1TB Unlocked Smartphone - Good,Good - Refurbished,2030,1039.99,USD,kisselectronicsinc,98.2,16666,US,,,0,23,9355,Cell Phones & Smartphones,9,16
v1|305313147993|604226826920,Apple iPhone 15 512GB Factory Unlocked AT&T T-Mobile Verizon Excellent Condition,Excellent - Refurbished,2010,578.95,USD,supplytronics,98.3,115563,US,1099,47,0,576,9355,Cell Phones & Smartphones,45,15
v1|365726335700|0,Apple iPhone 16e - 128 GB - White (Boost Mobile),New,1000,395.99,USD,sellularswap,100,9,US,,,0,0,9355,Cell Phones & Smartphones,1,16
v1|187377177101|0,Apple iPhone 14 - 128GB - Midnight (T-Mobile) - New Sealed,New,1000,369.95,USD,wikiwoo,99,42291,US,,,0,12,9355,Cell Phones & Smartphones,1,14
v1|355094939620|624350190635,Apple iPhone 14 Pro Max 128GB Network Unlocked Very Good Condition,Very Good - Refurbished,2020,531.06,USD,directauth,97.7,23260,US,1099,52,0,641,9355,Cell Phones & Smartphones,24,14
v1|335774905913|0,Apple iPhone 14 - 128GB - Purple (Unlocked) - Very Good Condition,Very Good - Refurbished,2020,319,USD,stellar2506,99.1,340,US,354.44,10,0,197,9355,Cell Phones & Smartphones,17,14
v1|297043887327|594722492679,Apple iPhone 16 Pro 128GB Factory Unlocked Open Box Mint Smartphone A3083,Open box,1500,826.45,USD,supplytronics,98.3,115563,US,999,17,0,140,9355,Cell Phones & Smartphones,45,16
v1|197400038436|496781194360,üî• NEW Apple iPhone 16E (2025) üîì 128GB/256GB 100%üîã Black/White Unlocked A3212,Open box,1500,529.95,USD,thephonenest,99.8,7237,US,,,0,36,9355,Cell Phones & Smartphones,1,16
v1|226383265520|0,Apple iPhone 15 128GB Black 100% Battery Unlocked Smartphone,Excellent - Refurbished,2010,509,USD,1shopdirect305,99.7,22643,US,799,36,0,281,9355,Cell Phones & Smartphones,5,15
v1|336063151895|0,Apple iPhone 16 - 128 GB - Ultramarine (Unlocked) UNOPENED IN BOX!,New,1000,700,USD,khari-534,0,0,US,,,,0,9355,Cell Phones & Smartphones,1,16
v1|356605681295|625572103804,Apple iPhone 16 Pro Max 256GB Unlocked Excellent Condition,Excellent - Refurbished,2010,1055.61,USD,directauth,97.7,23260,US,1178.99,10,0,137,9355,Cell Phones & Smartphones,24,16
v1|406041306453|0,Apple iPhone 16 Pro A3083 MYMG3LL/A 256GB  AT&T - Black,For parts or not working,7000,800,USD,gadgetgrabber,92.5,308,US,,,0,0,9355,Cell Phones & Smartphones,1,16
v1|326650635990|0,Apple iPhone 14 128GB A2649 5G (T-Mobile) Only -Black- Midnight-  Good**,Used,3000,239.99,USD,onewizard,97.1,20008,US,,0,0,21,9355,Cell Phones & Smartphones,1,14
v1|176452503381|0,Apple iPhone 15 A2846 T-Mobile Only 128GB Black Good,Good - Refurbished,2030,369.99,USD,yywirelesss,98,152818,US,,,0,374,9355,Cell Phones & Smartphones,58,15
v1|364506177072|634009141583,Apple iPhone 14 128GB Unlocked - Excellent,Excellent - Refurbished,2010,344.99,USD,bidallies,98,353823,US,799,57,0,651,9355,Cell Phones & Smartphones,14,14
v1|176759497370|0,Apple iPhone 16 A3081 Unlocked 128GB Pink C,Used,3000,609.99,USD,yywirelesss,98,152818,US,,,0,197,9355,Cell Phones & Smartphones,58,16
v1|176782541371|0,Apple iPhone 16 Pro A3083 T-Mobile Only 256GB Black Titanium Good,Good - Refurbished,2030,774.99,USD,yywirelesss,98,152818,US,,0,0,183,9355,Cell Phones & Smartphones,58,16
v1|295504908589|593592859632,Apple iPhone 14 256GB Factory Unlocked AT&T T-Mobile Verizon Very Good Condition,Very Good - Refurbished,2020,359.95,USD,supplytronics,98.3,115563,US,899,60,0,891,9355,Cell Phones & Smartphones,45,14
v1|257013924257|0,iPhone 14 Pro Max 128gb For Parts,For parts or not working,7000,319.95,USD,bmonsales,100,251,US,,,5.5,0,9355,Cell Phones & Smartphones,1,14
v1|186531714775|0,Apple iPhone 15 A2846 T-Mobile Only 128GB Blue Good,Good - Refurbished,2030,370,USD,yywirelesss,98,152818,US,,0,0,375,9355,Cell Phones & Smartphones,58,15
v1|326314259675|515442054834,"Apple iPhone 14, 128GB-256GB-512GB, Unlocked -Good Condition - All Colors",Used,3000,369.99,USD,electronicdea1s,97.4,11559,US,,,0,261,9355,Cell Phones & Smartphones,7,14
v1|356605645197|625571974569,Apple iPhone 16 Pro 128GB Unlocked Excellent Condition,Excellent - Refurbished,2010,865.44,USD,directauth,97.7,23260,US,960.99,10,0,137,9355,Cell Phones & Smartphones,24,16
v1|295504908552|593592787477,Apple iPhone 14 128GB Factory Unlocked AT&T T-Mobile Verizon Very Good Condition,Very Good - Refurbished,2020,322.95,USD,supplytronics,98.3,115563,US,799,60,0,891,9355,Cell Phones & Smartphones,45,14
v1|127228488217|0,"iPhone 16 pro max 256gb unlocked Mint 100% Battery Health, Apple Care + Avail.",Used,3000,1100,USD,cherycor_7,100,175,US,,,0,0,9355,Cell Phones & Smartphones,1,16
v1|297018952073|594714509202,Apple iPhone 16 Pro 512GB Factory Unlocked Open Box Mint Smartphone A3083,Open box,1500,1006.45,USD,supplytronics,98.3,115563,US,,,0,147,9355,Cell Phones & Smartphones,45,16
v1|396852424428|0,Apple iPhone 16 A3081 T-Mobile Only 128GB Excellent Condition,Used,3000,550,USD,wireless-84,93.8,266,US,,,0,0,9355,Cell Phones & Smartphones,2,16
v1|196813462735|0,Apple iPhone 16 Pro A3083 T-Mobile Only 128GB Desert Titanium Very Good,Very Good - Refurbished,2020,707.84,USD,yywirelesss,98,152818,US,,0,0,239,9355,Cell Phones & Smartphones,58,16
v1|335970248233|0,Apple iPhone 14 - 128GB - Midnight - Unlocked - 90%+ Battery Excellent Condition,Excellent - Refurbished,2010,339,USD,stellar2506,99.1,340,US,376.67,10,0,53,9355,Cell Phones & Smartphones,17,14
v1|357273643915|0,Apple iPhone 16 - 512 GB - Pink (Unlocked),New,1000,560.87,USD,altagracia_3,0,0,US,,,,4,9355,Cell Phones & Smartphones,1,16
v1|405469724990|675747480341,Apple iPhone 14 Pro 128GB Unlocked - Excellent,Excellent - Refurbished,2010,461.99,USD,bidallies,98,353823,US,999,54,0,403,9355,Cell Phones & Smartphones,14,14
v1|155514544087|457492816277,Shockproof Heavy Duty Case For iPhone 16 15 14 Plus 13 12 11 Pro Max Rug Cover,New,1000,9.98,USD,sevencapital,98.6,127317,US,,,0,813,20349,"Cases, Covers & Skins",2,16
v1|154960638602|456150658594,For Apple iPhone 16e 15 14 Plus 13 12 11 Pro X Max Case Leather Shockproof Cover,New,1000,9.89,USD,geeksfashion,98.7,91154,US,,,0,1176,20349,"Cases, Covers & Skins",2,16
v1|326256565418|515376504150,"Apple iPhone 14 (Excellent Condition) - (Unlocked, Verizon, T-Mobile, AT&T)",Used,3000,379.99,USD,cocosprinkles,99.7,33459,US,559.99,32,9.99,312,9355,Cell Phones & Smartphones,1,14
v1|226725716402|0,Apple iPhone 16 Plus 256GB Dual Sim Teal Unlocked Smartphone,New,1000,909,USD,1shopdirect305,99.7,22643,US,,0,0,74,9355,Cell Phones & Smartphones,5,16
v1|226435049126|525623301671,For iPhone 16 Pro Max 15 14 13 12 11 Case Phone Cover Shockproof Screen Protecto,New,1000,7.99,USD,starshop18,98.3,124673,US,,,0,248,20349,"Cases, Covers & Skins",5,16
v1|126246843379|427710024497,For iPhone 16 15 14 Plus 13 12 11 Pro Max Frosted Case Mag Safe Shockproof Cover,New,1000,9.98,USD,qzw_vision,98.3,96743,US,,,0,568,20349,"Cases, Covers & Skins",5,16
v1|226425028633|525614269540,Shockproof Mag Safe Case For iPhone 16 Pro Max 15 14 13 12 11 Screen Protector,New,1000,9.85,USD,starshop18,98.3,124673,US,,,0,254,20349,"Cases, Covers & Skins",5,16
v1|176826255630|0,Apple iPhone 16 A3081 T-Mobile Only 128GB Pink Good,Good - Refurbished,2030,499.99,USD,yywirelesss,98,152818,US,,0,0,155,9355,Cell Phones & Smartphones,58,16
v1|187190838635|0,Apple iPhone 16 A3081 AT&T Only 128GB Black C,Used,3000,519.99,USD,yywirelesss,98,152818,US,,,0,70,9355,Cell Phones & Smartphones,58,16
v1|176826250375|0,Apple iPhone 16 Plus A3082 T-Mobile Only 128GB Ultramarine Very Good,Very Good - Refurbished,2020,589.99,USD,yywirelesss,98,152818,US,,0,0,155,9355,Cell Phones & Smartphones,58,16
v1|187203880940|0,Apple iPhone 16 A3081 Cricket Only 128GB Black Good,Good - Refurbished,2030,499.99,USD,yywirelesss,98,152818,US,,0,0,65,9355,Cell Phones & Smartphones,58,16
v1|186999270115|0,Apple iPhone 16 A3081 T-Mobile Only 128GB Black Very Good,Very Good - Refurbished,2020,529.99,USD,yywirelesss,98,152818,US,,0,0,134,9355,Cell Phones & Smartphones,58,16
v1|387113635250|654637971713,For iPhone 16 15 14 13 12 11 Pro Max Shockproof Mag Safe Case Camera Lens Cover,New,1000,5.99,USD,whats_good,98.5,15759,US,,,0,383,20349,"Cases, Covers & Skins",2,16
v1|284328045143|585835586254,For iPhone 16 15 14 13 12 Plus Pro Max Mini Leather Magnetic Flip Wallet Case,New,1000,10.95,USD,mandy20091012,99.4,22683,US,,,0,1492,20349,"Cases, Covers & Skins",2,16
v1|274992550017|575277132006,MagSafe Case for iPhone 16 15 14 12 13 Pro Max Plus Shockproof Heavy Duty Cover,New,1000,12.99,USD,2017eseller,99.4,16919,US,,,0,1361,20349,"Cases, Covers & Skins",1,16
v1|335953078497|545497313814,Apple iPhone 16 - 128 GB 256 GB - All Colors - Unlocked - 100% Battery Very Good,Very Good - Refurbished,2020,779,USD,stellar2506,99.1,340,US,820,5,0,64,9355,Cell Phones & Smartphones,17,16
v1|335991371725|0,Apple iPhone 14 - 256 GB - Starlight - Unlocked - Excellent Condition,Excellent - Refurbished,2010,379,USD,stellar2506,99.1,340,US,398.95,5,0,39,9355,Cell Phones & Smartphones,17,14
v1|203135753347|503521586752,For iPhone 16 15 14 13 12 11 Pro Max XS X 8 7 SE Silicone Case Camera Lens Cover,New,1000,4.49,USD,e*carat,98.6,171546,US,,,0,1735,20349,"Cases, Covers & Skins",1,16
v1|305857666937|605061638909,For iPhone 16 Pro Max 15 14 13 12 11 Shockproof Mag Safe Case Camera Lens Cover,New,1000,9.9,USD,surewearegood,98.8,105760,US,10.88,9,0,261,20349,"Cases, Covers & Skins",2,16
v1|267322726719|0,Apple iPhone 16 - 128 GB - blue   (T-Mobile ONLY ) Sealed,New,1000,599.99,USD,claudis003,97.8,92,US,,,0,0,9355,Cell Phones & Smartphones,1,16
v1|356036255923|625079379034,Apple iPhone 15 A2846 128GB Unlocked Very Good Condition,Very Good - Refurbished,2020,448.18,USD,directauth,97.7,23260,US,,,0,303,9355,Cell Phones & Smartphones,24,15
v1|156757459534|458144101990,Apple iPhone 14 Pro 128GB 256G 512GB Unlocked Smartphone - All Colors,Used,3000,499.99,USD,kisselectronicsinc,98.2,16666,US,,,0,130,9355,Cell Phones & Smartphones,9,14
v1|325632854802|514657476613,"Apple iPhone 14, 128GB-256GB-512GB, Unlocked - Very Good Condition - All Colors",Used,3000,394.99,USD,electronicdea1s,97.4,11559,US,,,0,808,9355,Cell Phones & Smartphones,7,14
v1|176893846293|0,Apple iPhone 16 Plus A3082 Xfinity Only 128GB Pink Very Good,Very Good - Refurbished,2020,569.99,USD,yywirelesss,98,152818,US,,0,0,130,9355,Cell Phones & Smartphones,58,16
v1|305984931816|605296266382,Apple iPhone 16 256GB Factory Unlocked AT&T T-Mobile Verizon Fair Condition,Used,3000,629.95,USD,supplytronics,98.3,115563,US,649.99,3,0,205,9355,Cell Phones & Smartphones,45,16
v1|355896525148|624955632526,Apple iPhone 14 Pro 256GB Network Unlocked Excellent Condition,Excellent - Refurbished,2010,530.29,USD,directauth,97.7,23260,US,1099,52,0,352,9355,Cell Phones & Smartphones,24,14
v1|295504908644|593592809721,Apple iPhone 14 128GB Factory Unlocked AT&T T-Mobile Verizon Excellent Condition,Excellent - Refurbished,2010,340.95,USD,supplytronics,98.3,115563,US,799,57,0,891,9355,Cell Phones & Smartphones,45,14
v1|296699773134|594538612249,For iPhone 16 Pro Max 15 14 13 12 11 Rugged Magnetic Case with Ring Camera Cover,New,1000,13.2,USD,surewearegood,98.8,105760,US,14.51,9,0,297,20349,"Cases, Covers & Skins",2,16
v1|284756551823|586424098577,Leather Magnetic Flip Wallet Case For iPhone 16 15 14 Plus 13 12 11 Pro Max Mini,New,1000,10.95,USD,mandy20091012,99.4,22683,US,,,0,1189,20349,"Cases, Covers & Skins",2,16
v1|166721850658|466365935459,Metal Case For iPhone 16 15 14 13 12 Pro Max Gorilla Heavy Duty Cover Shockproof,New,1000,13.59,USD,enpq5704,98.4,18638,US,14.31,5,0,449,20349,"Cases, Covers & Skins",1,16
v1|203958778457|504408855667,Leather Case For iPhone 16 15 14 13 12 Pro Max XS XR 87+ Flip Wallet Phone Cover,New,1000,11.83,USD,pasi-847,96.3,19619,US,,,0,1150,20349,"Cases, Covers & Skins",2,16
v1|223833899238|525524932178,For iPhone 16 Pro Max 15 14 13 12 11 Case Phone Cover Shockproof Tempered Glass,New,1000,9.88,USD,starshop18,98.3,124673,US,,,0,2015,20349,"Cases, Covers & Skins",5,16
v1|335970259486|0,Apple iPhone 14 - 128 GB - Midnight - Fully Unlocked - 100% Battery Very Good,Very Good - Refurbished,2020,339,USD,stellar2506,99.1,340,US,376.67,10,0,53,9355,Cell Phones & Smartphones,17,14
v1|135101349071|434563095615,"Apple iPhone 15 - Fully Unlocked - 128GB - 6.1"" - eSIM - Excellent",Excellent - Refurbished,2010,495,USD,guaranteecellular,99.9,170144,US,799,38,0,394,9355,Cell Phones & Smartphones,4,15
v1|186932095760|0,Apple iPhone 16 Plus A3082 T-Mobile Only 128GB White Very Good,Very Good - Refurbished,2020,589.99,USD,yywirelesss,98,152818,US,,0,0,155,9355,Cell Phones & Smartphones,58,16
v1|326307178790|515434674875,"Apple iPhone 14 Pro,  Fully Unlocked - All Colors -  Used very good",Used,3000,529.99,USD,electronicdea1s,97.4,11559,US,,,0,268,9355,Cell Phones & Smartphones,7,14
v1|186711233071|694755244076,For iPhone 16 Pro Max/ 16 Pro Tempered Glass Metal Camera Lens Protector Cover,New,1000,5.99,USD,ec*wholesales,96.6,85492,US,,,0,283,58540,Screen Protectors,6,16
v1|296971535458|594697491562,Apple iPhone 16 Pro Max 256GB Unlocked AT&T T-Mobile Verizon Very Good Condition,Very Good - Refurbished,2020,948.95,USD,supplytronics,98.3,115563,US,,,0,165,9355,Cell Phones & Smartphones,45,16
v1|356605674518|625572119471,Apple iPhone 16 Pro 256GB Unlocked Excellent Condition,Excellent - Refurbished,2010,925.57,USD,directauth,97.7,23260,US,,,0,137,9355,Cell Phones & Smartphones,24,16
v1|304820253220|603834181541,Apple iPhone 14 128GB Factory Unlocked AT&T T-Mobile Verizon Good Condition,Good - Refurbished,2030,308.95,USD,supplytronics,98.3,115563,US,799,61,0,865,9355,Cell Phones & Smartphones,45,14
v1|226274302575|525450672462,For iPhone 16 Pro Max/16 Pro/15 14 13 12 11 Case Phone Cover W Screen Protector,New,1000,7.99,USD,starshop18,98.3,124673,US,,,0,343,20349,"Cases, Covers & Skins",5,16
v1|135089714379|434545996311,Apple iPhone 15 Fully Unlocked 6.1in - 128GB - eSIM - Very Good,Very Good - Refurbished,2020,482,USD,guaranteecellular,99.9,170144,US,1335.99,64,0,403,9355,Cell Phones & Smartphones,4,15
v1|256583844755|556832310202,Apple iPhone 14 | 14 Plus - 128GB | 256GB | 512GB (Unlocked) Smartphone,Very Good - Refurbished,2020,314.96,USD,uki-mobile,99,4005,US,349.95,10,0,350,9355,Cell Phones & Smartphones,2,14
v1|365182707285|634840041374,For iPhone 16 15 14 13 12 Pro Max Mag Safe Magnetic Lens Shockproof Stand Case,New,1000,9.74,USD,clerkb8555,95.7,8886,US,,,0,268,20349,"Cases, Covers & Skins",1,16
v1|156143536462|456958435239,Apple iPhone 14 Pro Max 128GB -Unlocked - Condition ‚Äì Aftermarket Screen Message,Used,3000,450,USD,myphoneclub,91.4,832,US,499.99,10,0,470,9355,Cell Phones & Smartphones,1,14
v1|356344914396|625308605786,Apple iPhone 15 Plus A2847 128GB Unlocked Excellent Condition,Excellent - Refurbished,2010,559.93,USD,directauth,97.7,23260,US,656.13,15,0,218,9355,Cell Phones & Smartphones,24,15
v1|205611761151|0,Apple iPhone 16 A3081 128GB Ultramarine! Unlocked! Immaculate condition!,Used,3000,689.99,USD,torstor*,100,1710,US,,,0,0,9355,Cell Phones & Smartphones,4,16
v1|205100964193|505818896022,For iPhone 16 15 14 13 12 Pro Max Aluminium Alloy Metal Magnetic Mag Safe Case,New,1000,13.67,USD,pasi-847,96.3,19619,US,,,0,241,20349,"Cases, Covers & Skins",2,16
v1|326655215355|515689771702,Apple iPhone 14 128GB Unlocked - Excellent,Excellent - Refurbished,2010,341.99,USD,cell-traders,98.9,13870,US,,,0,19,9355,Cell Phones & Smartphones,1,14
v1|177254072990|0,Unlocked Apple iPhone 14 - 128GB - Blue - MPVH3LL/A,Excellent - Refurbished,2010,318.24,USD,r3newtech,99.6,22977,US,334.99,5,0,3,9355,Cell Phones & Smartphones,3,14
v1|126626814177|427855689200,Heavy Duty Protection Armor Metal Case for iPhone 16e 16 15 14 13 12 11 Pro Max,New,1000,15.99,USD,ebuycase,98.1,2679,US,18.81,15,0,331,20349,"Cases, Covers & Skins",2,16
v1|186584505897|0,Apple iPhone 15 A2846 Unlocked 128GB Black Good,Good - Refurbished,2030,459.99,USD,yywirelesss,98,152818,US,,0,0,354,9355,Cell Phones & Smartphones,58,15
v1|356605660694|625572168483,Apple iPhone 16 Pro 128GB Unlocked Very Good Condition,Very Good - Refurbished,2020,887.3,USD,directauth,97.7,23260,US,937.99,5,0,137,9355,Cell Phones & Smartphones,24,16
v1|355095079593|624350423490,"Apple iPhone 14, 128GB, Network Unlocked - Excellent Condition",Excellent - Refurbished,2010,356.05,USD,directauth,97.7,23260,US,699,49,0,641,9355,Cell Phones & Smartphones,24,14
v1|335970244856|0,Apple iPhone 14 - 128 GB - Blue - Unlocked - 100% Battery Excellent Condition,Excellent - Refurbished,2010,359,USD,stellar2506,99.1,340,US,398.89,10,0,53,9355,Cell Phones & Smartphones,17,14
v1|296704454685|0,*Brand New in Box* Apple iPhone 14 128GB Midnight ONLY FOR AT&T/Cricket Network,New,1000,379.95,USD,thewhizcellsllc,98.6,23791,US,,,0,294,9355,Cell Phones & Smartphones,4,14
v1|335906118201|0,Apple iPhone 14 - 128 GB - Starlight - Unlocked - Very Good Condition,Very Good - Refurbished,2020,319,USD,stellar2506,99.1,340,US,354.44,10,0,92,9355,Cell Phones & Smartphones,17,14
v1|335954556209|545498384485,Apple iPhone 15 - 128 GB - Fully Unlocked - 100% Battery Excellent Condition,Excellent - Refurbished,2010,519,USD,stellar2506,99.1,340,US,576.67,10,0,62,9355,Cell Phones & Smartphones,17,15
v1|304789955111|603807317960,Apple iPhone 14 256GB Factory Unlocked AT&T T-Mobile Verizon Excellent Condition,Excellent - Refurbished,2010,387.95,USD,supplytronics,98.3,115563,US,899,57,0,891,9355,Cell Phones & Smartphones,45,14
v1|205611973269|0,"Apple iPhone 16 Pro Max 256GB Black Titanium, Unlocked, 100% battery life.",Used,3000,1020,USD,chrismub19,100,262,US,,,,0,9355,Cell Phones & Smartphones,1,16
v1|156461948231|457572165894,Shockproof Mag Safe Case For iPhone 16 Pro Max 15 14 13 12 11 Camera Lens Cover,New,1000,10.46,USD,hicases,97.4,29910,US,,,0,269,20349,"Cases, Covers & Skins",1,16
v1|204990390648|505692842601,For iPhone 16 Pro Max 15 14 13 12 11 Magnetic Slim Case Ergonomic Rugged Cover,New,1000,11.88,USD,buyerspy,98.5,5808,US,,,0,302,20349,"Cases, Covers & Skins",1,16
v1|296129124843|594238455749,Apple iPhone 15 128GB Factory Unlocked AT&T T-Mobile Verizon Very Good Condition,Very Good - Refurbished,2020,476.95,USD,supplytronics,98.3,115563,US,799,40,0,564,9355,Cell Phones & Smartphones,45,15
v1|306115164248|605544190894,Apple iPhone 16 Pro 256GB Factory Unlocked Open Box Mint Smartphone A3083,Open box,1500,916.95,USD,supplytronics,98.3,115563,US,1099,17,0,147,9355,Cell Phones & Smartphones,45,16
v1|205611797682|0,Apple iPhone 16 A3081 128GB Teal! Mint condition! Factory Unlocked!,Used,3000,688.99,USD,torstor*,100,1710,US,,,0,0,9355,Cell Phones & Smartphones,4,16
v1|387811135635|655074451448,Apple iPhone 14 Pro 128GB Unlocked - Very Good,Very Good - Refurbished,2020,447.99,USD,bidallies,98,353823,US,999,55,0,183,9355,Cell Phones & Smartphones,14,14
v1|226848337051|525998883363,"Back Glass replacement with Magnet, Camera Len Lot for iPhone 16/Plus/16 Pro Max",New,1000,90.78,USD,beibao-uk,98.7,8232,US,100.87,10,0,8,20349,"Cases, Covers & Skins",1,16
v1|365399448706|635200070767,Apple iPhone 14 (5G) 512GB | 256GB | 128GB | GSM+CDMA Factory Unlocked,Open box,1500,349.88,USD,mobiletopdeal,97.5,21016,US,,,0,147,9355,Cell Phones & Smartphones,2,14
v1|226272945820|525448438043,"Apple iPhone 14 128GB Fully Unlocked Smartphone, 90% and Above Battery",Excellent - Refurbished,2010,340,USD,loop-mobile,98.4,8782,US,879,61,0,344,9355,Cell Phones & Smartphones,4,14
v1|388406845285|0,Apple iPhone 15 Plus A2847 128GB Black Unlocked Fair,Used,3000,421.99,USD,deliverish_direct,96.4,82659,US,481.23,12,0,60,9355,Cell Phones & Smartphones,1,15
v1|365606054826|635399791179,60W USB C to C Cable Fast Charge PD Nylon Cord 3/6/10FT for iPhone16 Samsung lot,New,1000,355.99,USD,darkwukong,97.1,1757,US,,,0,57,123422,Cables & Adapters,1,16
v1|156795709355|458192532109,Apple iPhone 15 Plus A2847 128GB 256GB 512GB Unlocked Smartphone - Good,Good - Refurbished,2030,539.99,USD,kisselectronicsinc,98.2,16666,US,,,0,119,9355,Cell Phones & Smartphones,9,15
v1|355063742942|624329954260,Apple iPhone 14 Pro Max 256GB Network Unlocked Excellent Condition,Excellent - Refurbished,2010,643.54,USD,directauth,97.7,23260,US,1199,46,0,653,9355,Cell Phones & Smartphones,24,14
v1|226786195341|0,Apple iPhone 16 Pro Max A3084 Unlocked 256GB White Titanium - Very Good,Very Good - Refurbished,2020,969,USD,1shopdirect305,99.7,22643,US,1199,19,0,42,9355,Cell Phones & Smartphones,5,16
v1|326603770634|515662499211,Apple iPhone 15 128GB - Fully Unlocked- EXCELLENT Condition,Excellent - Refurbished,2010,489.99,USD,gadget-solutions,97.9,7314,US,,,0,45,9355,Cell Phones & Smartphones,7,15
v1|154575127778|455765552878,For iPhone 16e 15 14 13 12 11 Pro Max XR X Max 8 7 Plus SE Shockproof Case Cover,New,1000,9.89,USD,geeksfashion,98.7,91154,US,,,0,1423,20349,"Cases, Covers & Skins",2,16
v1|277026494841|2560349598704,Apple iPhone 14 | 14 Plus - 128GB 256GB 512GB - Unlocked Verizon T-Mobile AT&T,Good - Refurbished,2030,296.96,USD,tech-hobbies,99.4,6290,US,329.95,10,0,91,9355,Cell Phones & Smartphones,2,14
v1|336004265247|0,Apple iPhone 14 - 128 GB - Purple (Unlocked) - 100% Battery Excellent Condition,Excellent - Refurbished,2010,359,USD,stellar2506,99.1,340,US,398.89,10,0,33,9355,Cell Phones & Smartphones,17,14
v1|226516302355|525700781612,Apple iPhone 14 256GB - Fully Unlocked -ALL CARRIERS -VERY GOOD Condition,Very Good - Refurbished,2020,365.99,USD,gadget-solutions,97.9,7314,US,,,0,196,9355,Cell Phones & Smartphones,7,14
v1|296106949005|594225796251,Apple iPhone 15 256GB Factory Unlocked AT&T T-Mobile Verizon Excellent Condition,Excellent - Refurbished,2010,541.95,USD,supplytronics,98.3,115563,US,899,40,0,576,9355,Cell Phones & Smartphones,45,15
v1|184548739314|694643988380,For iPhone 16 15 14 13 12 11 Pro Max XR Shockproof Case Cover Wallet Card Holder,New,1000,8.49,USD,annabay2018,98.5,158831,US,,,0,1692,20349,"Cases, Covers & Skins",2,16
v1|336004273421|0,Apple iPhone 14 - 128 GB - Yellow (Unlocked) - Excellent Condition,Excellent - Refurbished,2010,339,USD,stellar2506,99.1,340,US,376.67,10,0,33,9355,Cell Phones & Smartphones,17,14
v1|306070698509|605453460106,Apple iPhone 16 Pro Max 256GB Unlocked AT&T T-Mobile Verizon Excellent Condition,Excellent - Refurbished,2010,970.95,USD,supplytronics,98.3,115563,US,,,0,165,9355,Cell Phones & Smartphones,45,16
v1|317077832595|0,Apple iPhone 14 - 128 GB - Mint-EXC Condition in Box - Midnight (Unlocked),Used,3000,346,USD,seventhangel,100,303,US,,,0,0,9355,Cell Phones & Smartphones,1,14
v1|256933351522|557514178056,Apple iPhone 16E (2025)  Factory üîì Unlocked 128/256GB with 1 Year Warranty,Excellent - Refurbished,2010,538,USD,beltronusa,99.4,21780,US,,,0,57,9355,Cell Phones & Smartphones,3,16
v1|186586419437|0,Apple iPhone 15 Plus A2847 T-Mobile Only 128GB Blue Good,Good - Refurbished,2030,404.99,USD,yywirelesss,98,152818,US,,0,0,354,9355,Cell Phones & Smartphones,58,15
v1|197212484792|496711670987,For iPhone 16e Phone Case Magnetic Translucent Slim Shockproof Cover,New,1000,9.99,USD,dz-tech,98.8,1044914,US,,,0,88,20349,"Cases, Covers & Skins",2,16
v1|335972124522|0,Apple iPhone 14 - 256 GB - Blue - Unlocked - Very Good Condition,Very Good - Refurbished,2020,369,USD,stellar2506,99.1,340,US,388.42,5,0,51,9355,Cell Phones & Smartphones,17,14
v1|296110312917|594227717721,Apple iPhone 15 128GB Factory Unlocked AT&T T-Mobile Verizon Excellent Condition,Excellent - Refurbished,2010,495.95,USD,supplytronics,98.3,115563,US,799,38,0,575,9355,Cell Phones & Smartphones,45,15
v1|226794605191|0,Apple iPhone 16 Pro Max A3084 Unlocked 512GB Natural Titanium - Very Good,Very Good - Refurbished,2020,1069,USD,1shopdirect305,99.7,22643,US,1299,18,0,38,9355,Cell Phones & Smartphones,5,16
v1|126379242953|427745407487,Clear Case Shockproof Cover for iPhone 16 15 14 13 12 11 Pro Max Mini XS XR X 8,New,1000,5.99,USD,jkooteck,97.5,53428,US,,,0,483,20349,"Cases, Covers & Skins",2,16
v1|185482907105|693352821032,For iPhone 16 15 14 13 12 Pro Max Shockproof Case &Screen Protector & Camera Len,New,1000,7.99,USD,ec*wholesales,96.6,85492,US,,,0,1108,20349,"Cases, Covers & Skins",6,16
v1|196913791669|0,Brand New Sealed Apple iPhone 16 - 128GB - Black (AT&T Cricket),New,1000,695,USD,samcomputerusa,100,6366,US,,,0,235,9355,Cell Phones & Smartphones,1,16
v1|286703367583|0,Apple iPhone 14 - 128 GB - Midnight (Unlocked),New,1000,449.99,USD,sonyapigmon,0,4,US,,,,0,9355,Cell Phones & Smartphones,1,14
v1|205611783821|0,Apple iPhone 16 A3081 128GB Pink! Pristine condition! Unlocked phone!,Used,3000,687.99,USD,torstor*,100,1710,US,,,0,0,9355,Cell Phones & Smartphones,4,16
v1|386905175584|654166186554,Apple iPhone 15 128GB Unlocked - Very Good,Very Good - Refurbished,2020,466.99,USD,bidallies,98,353823,US,799,42,0,464,9355,Cell Phones & Smartphones,14,15
v1|325978318365|515419313026,"Apple iPhone 14, 128/256/512GB, Unlocked - All Colors -Used Excellent",Used,3000,424.99,USD,electronicdea1s,97.4,11559,US,,,0,536,9355,Cell Phones & Smartphones,7,14
v1|185456436319|693260720395,3 Pack for iPhone 16 15 14 13 12 Pro Max Privacy Tempered Glass Screen Protector,New,1000,7.99,USD,ec*wholesales,96.6,85492,US,,,0,1130,58540,Screen Protectors,6,16
v1|356605638056|625571800445,Apple iPhone 16 Pro 256GB Unlocked Very Good Condition,Very Good - Refurbished,2020,916.92,USD,directauth,97.7,23260,US,,,0,137,9355,Cell Phones & Smartphones,24,16
v1|186839938220|0,Apple iPhone 16 A3081 Unlocked 128GB White C,Used,3000,609.99,USD,yywirelesss,98,152818,US,,,0,211,9355,Cell Phones & Smartphones,58,16
v1|386905175584|654166186554,Apple iPhone 15 128GB Unlocked - Very Good,Very Good - Refurbished,2020,466.99,USD,bidallies,98,353823,US,799,42,0,464,9355,Cell Phones & Smartphones,14,15
v1|255344983457|557235651658,Shockproof Case For iPhone 16 15 14 13 12 11 Pro Max Liquid Glitter Cover,New,1000,9.99,USD,rainbowsunflowerinc,98.1,82447,US,,,0,1267,20349,"Cases, Covers & Skins",1,16
v1|256473384992|556636928417,Apple iPhone 14 128GB Unlocked - Very Good,Very Good - Refurbished,2020,316.99,USD,cellfeee,97.8,120601,US,799,60,0,459,9355,Cell Phones & Smartphones,3,14
v1|256878655307|557420915224,"NEW! Apple iPhone 14 6.1""  100% üîã Battery  Factory üîì Unlocked  128/256/512 GB",Open box,1500,519,USD,beltronusa,99.4,21780,US,,,0,101,9355,Cell Phones & Smartphones,3,14
v1|276658138321|2560089240404,"Apple iPhone 16 6.1"" REAL Dual SIM Hong Kong A3288 Unlocked 128GB/256GB/512GB",New,1000,1098,USD,smartshophk,100,1187,HK,,,25,289,9355,Cell Phones & Smartphones,1,16
v1|296862911104|594632588612,Apple iPhone 16 Pro 128GB Unlocked Excellent Condition - All Colors,Excellent - Refurbished,2010,829.99,USD,itsworthmore,98.7,95499,US,,,0,218,9355,Cell Phones & Smartphones,24,16
v1|185865330158|693833711069,Shockproof Case for iPhone 16 15 14 13 12 11 Pro Max XR 8 7 SE Camera Lens Cover,New,1000,6.99,USD,annabay2018,98.5,158831,US,,,0,812,20349,"Cases, Covers & Skins",2,16
v1|185467278325|693475076239,For iPhone 16 15 14 13 12 Pro Max Privacy Tempered Glass Screen Camera Protector,New,1000,4.99,USD,ec*wholesales,96.6,85492,US,,,0,1121,58540,Screen Protectors,6,16
v1|176452504098|0,Apple iPhone 15 A2846 T-Mobile Only 128GB Black C,Used,3000,349.99,USD,yywirelesss,98,152818,US,,0,0,374,9355,Cell Phones & Smartphones,58,15
v1|296120880922|594233878855,Apple iPhone 15 256GB Factory Unlocked AT&T T-Mobile Verizon Very Good Condition,Very Good - Refurbished,2020,513.95,USD,supplytronics,98.3,115563,US,899,43,0,569,9355,Cell Phones & Smartphones,45,15
v1|335880621334|0,Apple iPhone 14 128GB Midnight Black Unlocked - 85%+ Battery Very Good Condition,Very Good - Refurbished,2020,319,USD,stellar2506,99.1,340,US,354.44,10,0,108,9355,Cell Phones & Smartphones,17,14
v1|205611773401|0,Apple iPhone 16 A3081 128GB Ultramarine! Perfect condition! Unlocked device!,Used,3000,695.99,USD,torstor*,100,1710,US,,,0,0,9355,Cell Phones & Smartphones,4,16
v1|335906047315|0,Apple iPhone 14 - 128GB - Blue (Unlocked) - 85%+ Battery Very Good Condition,Used,3000,319,USD,stellar2506,99.1,340,US,354.44,10,0,92,9355,Cell Phones & Smartphones,17,14
v1|306104704409|0,*OPEN BOX* Apple iPhone 14 - 128 GB - Midnight (AT&T) Smartphone,Open box,1500,349.95,USD,thewhizcellsllc,98.6,23791,US,,,0,151,9355,Cell Phones & Smartphones,4,14
v1|126670487072|427714521841,Magnetic Case for iPhone 16 15 14 13 12 11 Pro Max Plus with Mag-Safe Slim Cover,New,1000,11.99,USD,ebuycase,98.1,2679,US,14.11,15,0,303,20349,"Cases, Covers & Skins",2,16
v1|276438195570|578980864077,Apple iPhone 14 - 128GB 256GB 512GB - All Colors - Good Condition,Good - Refurbished,2030,319,USD,buybackboss,98.8,21466,US,,,0,444,9355,Cell Phones & Smartphones,8,14
v1|286399477343|588502030294,Apple iPhone 14 (5G) GSM/CDMA Factory Unlocked  512GB | 256GB | 128GB,Open box,1500,349.77,USD,vtellgroup,97.3,3019,US,,,0,123,9355,Cell Phones & Smartphones,1,14
v1|297032963068|594719093329,Apple iPhone 16 Pro 256GB Factory Unlocked AT&T T-Mobile Verizon Fair Condition,Used,3000,774.95,USD,supplytronics,98.3,115563,US,1099,29,0,143,9355,Cell Phones & Smartphones,45,16
v1|295504908615|594262186426,Apple iPhone 14 256GB Factory Unlocked AT&T T-Mobile Verizon Fair Condition,Used,3000,299.95,USD,supplytronics,98.3,115563,US,899,67,0,891,9355,Cell Phones & Smartphones,45,14
v1|125991898914|427068231158,4x For iPhone 16 Pro Max 15 14 13 12 11 Tempered Glass Camera Lens Protector,New,1000,5.97,USD,qzw_vision,98.3,96743,US,,,0,746,58540,Screen Protectors,5,16
v1|335906055048|0,Apple iPhone 14 - 128 GB - Midnight Black - Unlocked - 90%+ Battery Very Good,Very Good - Refurbished,2020,329,USD,stellar2506,99.1,340,US,365.56,10,0,92,9355,Cell Phones & Smartphones,17,14
v1|326679367062|0,Apple iPhone 16 Pro (100% Batt) Dessert Titanium / Gold 1 T  AT&T,Open box,1500,1099.95,USD,redcoattim,100,2066,US,,,0,8,9355,Cell Phones & Smartphones,1,16
v1|116683625620|0,Apple iPhone 16. Black In Color. Purchased when It was first released.,Used,3000,595,USD,schwansguy2467,100,520,US,,,0,11,9355,Cell Phones & Smartphones,1,16
v1|267100802764|0,Apple iPhone 15 5G - 128 GB - Black (Verizon Only) A2846 - NEW OPEN BOX,Open box,1500,469,USD,bbc-store,98.4,7301,US,,0,0,205,9355,Cell Phones & Smartphones,1,15
v1|197522472121|0,"Apple iPhone 15 Plus 256GB, Black (unknown Carrier)",For parts or not working,7000,469.99,USD,badone5988,100,2518,US,,,0,0,9355,Cell Phones & Smartphones,1,15
v1|297406359372|594885148194,Apple iPhone 14 (5G) 512GB | 256GB | 128GB | GSM+CDMA Factory Unlocked Good,Good - Refurbished,2030,299.88,USD,mobiletopdeal,97.5,21016,US,,,0,29,9355,Cell Phones & Smartphones,2,14
v1|176208374727|476191238569,2x iPhone 16 15 Pro Max 14 13 12 11 Plus Privacy Tempered Glass Screen Protector,New,1000,6.25,USD,xgwholesales,97.6,15511,US,,,0,532,58540,Screen Protectors,4,16
v1|296936730469|594677467226,Apple iPhone 16 Pro Max 512GB Unlocked AT&T T-Mobile Verizon Very Good Condition,Very Good - Refurbished,2020,1003.95,USD,supplytronics,98.3,115563,US,,,0,182,9355,Cell Phones & Smartphones,45,16
v1|326460985466|515563827888,Apple iPhone 14 128GB Smartphone A2649 Fully Unlocked Good Condition!,Used,3000,309.99,USD,superbdeals1,97.7,13325,US,,,0,137,9355,Cell Phones & Smartphones,2,14
v1|267322840386|0,Apple iPhone 15 Plus 128GB Black Unlocked Smartphone with Cracked Screen,For parts or not working,7000,450,USD,upliftthriftco,0,97,US,,,,0,9355,Cell Phones & Smartphones,1,15
v1|156835149982|458252876849,Apple iPhone 15 Plus A2847 128GB 256GB 512GB Unlocked Smartphone - Very Good,Very Good - Refurbished,2020,562.99,USD,kisselectronicsinc,98.2,16666,US,,,0,106,9355,Cell Phones & Smartphones,9,15
v1|304816823657|603831654481,Apple iPhone 14 128GB Factory Unlocked AT&T T-Mobile Verizon Fair Condition,Used,3000,294.95,USD,supplytronics,98.3,115563,US,799,63,0,868,9355,Cell Phones & Smartphones,45,14
v1|185614547122|694711875301,For iPhone 16 Pro Max 15 14 13 12 11 Shockproof Case Defender Cover Belt Clip,New,1000,8.88,USD,sunstore-in,99.5,25300,US,,,0,1005,20349,"Cases, Covers & Skins",1,16
v1|145434962060|444611275724,For iPhone 16 Pro Max 15 14 13 12 11 XR Phone Case Heavy Duty Shockproof Cover,New,1000,8.29,USD,panda-touch,99.6,28647,US,,,0,606,20349,"Cases, Covers & Skins",1,16
v1|156795674144|458192482897,Apple iPhone 15 A2846 128GB 256GB 512GB Unlocked Smartphone - All Colors - Good,Good - Refurbished,2030,499.99,USD,kisselectronicsinc,98.2,16666,US,,,0,119,9355,Cell Phones & Smartphones,9,15
v1|197349262233|496836343232,For iPhone 16 15 14 13 12 Plus 11 Pro Max Shockproof Heavy Duty Rugged Case,New,1000,18.98,USD,avrox-accessories,92.2,9238,US,,,0,49,9355,Cell Phones & Smartphones,6,16
v1|196517122771|0,Apple iPhone 15 A2846 Unlocked 128GB Pink Good,Good - Refurbished,2030,464.99,USD,yywirelesss,98,152818,US,,0,0,354,9355,Cell Phones & Smartphones,58,15
v1|296159847485|594255542452,Apple iPhone 15 Plus 128GB Unlocked AT&T T-Mobile Verizon Very Good Condition,Very Good - Refurbished,2020,513.95,USD,supplytronics,98.3,115563,US,899,43,0,547,9355,Cell Phones & Smartphones,45,15
v1|276217865719|578596167446,Apple iPhone 14 128GB Unlocked Good Condition - All Colors,Good - Refurbished,2030,319.99,USD,itsworthmore,98.7,95499,US,,,0,582,9355,Cell Phones & Smartphones,24,14
v1|146666058934|0,"Apple iPhone 14 6.1"" ‚Äì 128GB ‚Äì Blue ‚Äì Unlocked ‚Äì Brand New Sealed",New,1000,529.99,USD,thephoneguys-outlet,98.2,3411,US,,,0,20,9355,Cell Phones & Smartphones,1,14
v1|296106949190|594225800928,Apple iPhone 15 Plus 256GB Unlocked AT&T T-Mobile Verizon Very Good Condition,Very Good - Refurbished,2020,551.95,USD,supplytronics,98.3,115563,US,999,45,0,576,9355,Cell Phones & Smartphones,45,15
v1|166803770476|466464026072,Apple iPhone 15 Plus Fully Unlocked 6.7in 128GB - Excellent,Excellent - Refurbished,2010,575,USD,guaranteecellular,99.9,170144,US,1089.99,47,0,403,9355,Cell Phones & Smartphones,4,15
v1|297465218080|0,Apple iPhone 14 Pro - 1 TB - Space Black (Unlocked) - READ DESCRIPTION_5,Used,3000,500,USD,aldoxgifts,97.5,159,US,,,0,0,9355,Cell Phones & Smartphones,2,14
v1|296097640498|594220516366,Apple iPhone 14 128GB Unlocked Excellent Condition - All Colors,Excellent - Refurbished,2010,379.99,USD,itsworthmore,98.7,95499,US,,,0,582,9355,Cell Phones & Smartphones,24,14
v1|205579465352|506309022810,Apple iPhone 14 128GB  Fully Unlocked  - ALL CARRIERS -  Very Good Condition,Very Good - Refurbished,2020,339.9,USD,techchrome,100,1344,US,,,0,18,9355,Cell Phones & Smartphones,1,14
v1|154960637752|455689611290,Shockproof Leather Case For iPhone 16e 15 14 Plus 13 12 11 Pro X XR Max 7 8 SE 2,New,1000,9.47,USD,sevencapital,98.6,127317,US,,,0,1176,20349,"Cases, Covers & Skins",2,16
v1|167586608116|0,Apple iPhone 14 Pro 128GB Silver (Unlocked) - Open BOX,Open box,1500,615.99,USD,cellularprofessor,99.2,20047,US,,0,0,28,9355,Cell Phones & Smartphones,2,14
v1|236190210946|0,NEW Apple iPhone 14 - 128GB - Midnight-(Metro Pcs) New Sealed,New,1000,379.99,USD,phonezalot-17,99.1,473,US,,,0,161,9355,Cell Phones & Smartphones,1,14
v1|304844639004|603856184505,Apple iPhone 14 Pro 512GB Unlocked AT&T T-Mobile Verizon Very Good Condition,Very Good - Refurbished,2020,523.95,USD,supplytronics,98.3,115563,US,1299,60,0,847,9355,Cell Phones & Smartphones,45,14
v1|296213802156|594426118564,Apple iPhone 15 Plus 128GB Factory Unlocked AT&T T-Mobile Verizon Fair Condition,Used,3000,449.95,USD,supplytronics,98.3,115563,US,,,0,519,9355,Cell Phones & Smartphones,45,15
v1|326202719622|515610385585,"Apple iPhone 14 6.1""  256GB/512GB Fully Unlocked (Any Carrier) SmartPhone",Used,3000,314.99,USD,sami809,97.9,259262,US,,,0,359,9355,Cell Phones & Smartphones,4,14
v1|297430808234|0,Apple iPhone 16 Pro Max Unlocked 1TB (Black Titanium),New,1000,1449.99,USD,prime_distribution,100,2276,US,,,0,19,9355,Cell Phones & Smartphones,1,16
v1|234466239755|536259067600,NEW* Ô£ø Apple iPhone 16 | 128GB | Factory Unlocked | All Colors!,Open box,1500,749.99,USD,adopt-a-phone,100,12627,US,,,0,1216,9355,Cell Phones & Smartphones,2,16
v1|295996235898|594155361890,Apple iPhone 14 Pro Max 1TB Unlocked AT&T T-Mobile Verizon Very Good Condition,Very Good - Refurbished,2020,635.95,USD,supplytronics,98.3,115563,US,1599,60,0,631,9355,Cell Phones & Smartphones,45,14
v1|234951078861|0,NEW* Ô£ø Apple iPhone 16 | 256GB Ultramarine Blue | Factory Unlocked,New,1000,849.99,USD,adopt-a-phone,100,12627,US,,,0,836,9355,Cell Phones & Smartphones,2,16
v1|146555478814|0,Apple iPhone 14 A2649 128GB Midnight | Locked to AT&T | Open Box,Open box,1500,319,USD,lumberjacklw9,99.2,8866,US,,,0,71,9355,Cell Phones & Smartphones,1,14
v1|306391918611|0,iPhone 16e 128Gb (Verizon) Sealed - FOR PARTS. READ,For parts or not working,7000,325,USD,missamandamacy,99.3,512,US,,,0,50,9355,Cell Phones & Smartphones,1,16
v1|297465157714|0,Apple iPhone 14 - 128 GB - Midnight (Unlocked) - Read Description_1,Used,3000,300,USD,aldoxgifts,97.5,159,US,307.95,3,0,0,9355,Cell Phones & Smartphones,2,14
v1|305389910405|604546940222,Apple iPhone 15 Plus 256GB Factory Unlocked AT&T T-Mobile Verizon Fair Condition,Used,3000,479.95,USD,supplytronics,98.3,115563,US,,,0,520,9355,Cell Phones & Smartphones,45,15
v1|176443303762|476003666720,Camera Stand Mag Safe Case for iPhone 16 15 14 Plus 13 Pro Max + Lens Protector,New,1000,10.98,USD,xgwholesales,97.6,15511,US,,,0,380,20349,"Cases, Covers & Skins",4,16
v1|197011895565|0,Apple iPhone 16 Pro A3083 T-Mobile Only 128GB Natural Titanium Very Good,Very Good - Refurbished,2020,714.99,USD,yywirelesss,98,152818,US,,0,0,150,9355,Cell Phones & Smartphones,58,16
v1|395841335149|664528073896,Brand New in Box Apple iPhone 14 PRO A2650 512GB 1TB USA Unlocked Smartphone USA,New,1000,666.09,USD,phonediscuss,98.9,1548,US,,,0,256,9355,Cell Phones & Smartphones,1,14
v1|276217865650|578596113251,Apple iPhone 14 128GB Unlocked Very Good Condition - All Colors,Very Good - Refurbished,2020,369.99,USD,itsworthmore,98.7,95499,US,,,0,582,9355,Cell Phones & Smartphones,24,14
v1|357278057171|0,Unlocked Apple iPhone 16 Pro Max 1TB BLACK MYWC3LL/A,Used,3000,1229.99,USD,speeks-ovl,98.1,851,US,,,0,0,9355,Cell Phones & Smartphones,1,16
v1|267322685891|0,Apple iPhone 14 Pro Max - 128 GB - Deep Purple (Unlocked),Used,3000,520,USD,sgary502012,100,162,US,,,,0,9355,Cell Phones & Smartphones,1,14
v1|177186750225|0,Apple iPhone 16 Plus A3082 Spectrum Only 128GB Pink Excellent,Excellent - Refurbished,2010,589.99,USD,yywirelesss,98,152818,US,,,0,29,9355,Cell Phones & Smartphones,58,16
v1|286451808150|0,Apple iPhone 16 Pro Max - Unlocked - Natural Titanium - 512GB - Brand New,New,1000,1379,USD,buybackboss,98.8,21466,US,,,0,102,9355,Cell Phones & Smartphones,8,16
v1|306391355790|0,Apple iPhone 15 128GB 17.1.1 Black MTLV3LL/A AS-IS READ,For parts or not working,7000,319.95,USD,yppnl2,99.3,4350,US,,,0,18,9355,Cell Phones & Smartphones,1,15
v1|125799792826|427068542802,For iPhone 16 15 14 13 12 11 Pro Max Shockproof Clear Case + Screen Protector,New,1000,10.49,USD,qzw_vision,98.3,96743,US,,,0,862,20349,"Cases, Covers & Skins",5,16
v1|226078624637|525196964570,Apple iPhone 14 128GB Smartphone A2649 Fully Unlocked Very Good,Very Good - Refurbished,2020,332,USD,loop-mobile,98.4,8782,US,829,60,0,462,9355,Cell Phones & Smartphones,4,14
v1|296010919131|594163088246,Apple iPhone 14 Pro 1TB Unlocked AT&T T-Mobile Verizon Very Good Condition,Very Good - Refurbished,2020,550.95,USD,supplytronics,98.3,115563,US,1499,63,0,623,9355,Cell Phones & Smartphones,45,14
v1|305494820648|0,Apple iPhone 14 - 128GB - Midnight (AT&T/Cricket ONLY) - Open Box,Open box,1500,339.99,USD,gadgetpickup,99.4,6191,US,,,0,462,9355,Cell Phones & Smartphones,2,14
v1|335904896709|0,Apple iPhone 14 - 128 GB - Midnight Black (Unlocked) - 100% Battery Excellent,Excellent - Refurbished,2010,359,USD,stellar2506,99.1,340,US,398.89,10,0,93,9355,Cell Phones & Smartphones,17,14
v1|157091142929|458594498474,"Back Glass Replacement with Metal or Magnet or NFC for iPhone 16, 15 ,14 Series",New,1000,11.49,USD,terry1994,98.7,77,US,,,0,29,43304,Cell Phone & Smartphone Parts,1,16
v1|276815519726|2560251798134,Apple iPhone 16 Pro Max 256GB Unlocked Excellent Condition - All Colors,Excellent - Refurbished,2010,979.99,USD,itsworthmore,98.7,95499,US,,,0,180,9355,Cell Phones & Smartphones,24,16
v1|186067900487|694086835768,For iPhone 16 15 14 13 Pro Max Tempered Glass Screen Protector Camera Protector,New,1000,5.99,USD,ec*wholesales,96.6,85492,US,,,0,674,58540,Screen Protectors,6,16
v1|235398326775|535472425727,"Apple iPhone 15 Plus 128/256/512GB, - Unlocked - All colors - Used Excellent",Used,3000,584.99,USD,electronicdea1s,97.4,11559,US,,,0,536,9355,Cell Phones & Smartphones,7,15
v1|296010919131|594163088246,Apple iPhone 14 Pro 1TB Unlocked AT&T T-Mobile Verizon Very Good Condition,Very Good - Refurbished,2020,550.95,USD,supplytronics,98.3,115563,US,1499,63,0,623,9355,Cell Phones & Smartphones,45,14
v1|257013818601|0,New Apple iPhone 16e - 128 GB - WHITE (T-Mobile) Sealed -One Year Warranty,New,1000,499,USD,lilyflower2000,100,224,US,,,,3,9355,Cell Phones & Smartphones,1,16
v1|326462800717|515565432583,Apple iPhone 14 PRO MAX - 128GB - Fully Unlocked - VERY GOOD Condition,Very Good - Refurbished,2020,550.99,USD,gadget-solutions,97.9,7314,US,,,0,135,9355,Cell Phones & Smartphones,7,14
v1|276217869434|578596059692,Apple iPhone 14 Pro 128GB Unlocked Very Good Condition - All Colors,Very Good - Refurbished,2020,479.99,USD,itsworthmore,98.7,95499,US,,,0,582,9355,Cell Phones & Smartphones,24,14
v1|156830558855|458242657605,Apple iPhone 14 128GB 256GB 512GB Unlocked Smartphone - Very Good,Very Good - Refurbished,2020,359.99,USD,kisselectronicsinc,98.2,16666,US,,,0,108,9355,Cell Phones & Smartphones,9,14
v1|197397051235|496779972160,3 Pack for iPhone 16 14 13 12 11 Pro Max Clear Tempered Glass Screen Protector,New,1000,7.99,USD,avrox-accessories,92.2,9238,US,8.41,5,0,301,9355,Cell Phones & Smartphones,6,16
v1|388195522380|655384057027,Apple iPhone 14 A2649 512GB Unlocked Excellent Condition,Excellent - Refurbished,2010,449.76,USD,glo_sales,98.3,1090,US,,,0,99,9355,Cell Phones & Smartphones,4,14
v1|326506790203|515595843564,Apple iPhone 15 - 256GB - Fully Unlocked - ALL CARRIERS - VERY GOOD Condition,Very Good - Refurbished,2020,531.99,USD,gadget-solutions,97.9,7314,US,,,0,105,9355,Cell Phones & Smartphones,7,15
v1|365510005382|0,Apple iPhone 15 - 128 GB - Black (Unlocked),Open box,1500,549,USD,docu74,100,93,SE,,,0,97,9355,Cell Phones & Smartphones,1,15
v1|356605653571|625572168240,Apple iPhone 16 Pro Max 256GB Unlocked Very Good Condition,Very Good - Refurbished,2020,1020.08,USD,directauth,97.7,23260,US,1161.81,12,0,137,9355,Cell Phones & Smartphones,24,16
v1|234950027951|536143441174,"Apple iPhone 14 Pro Max, 128/256/512GB/1TB -Unlocked -All colors -Used Excellent",Used,3000,649.99,USD,electronicdea1s,97.4,11559,US,,,0,836,9355,Cell Phones & Smartphones,7,14
v1|376012277967|644826163378,For Apple iPhone 16e Phone Case Heavy-Duty Tough Dual Layer Cover+Tempered Glass,New,1000,7.99,USD,dz-tech,98.8,1044914,US,,,0,141,20349,"Cases, Covers & Skins",2,16
v1|116619563010|416856653634,Apple iPhone 14 -5G - 128GB Factory Unlocked GSM + CDMA - EXCELLENT,Excellent - Refurbished,2010,338.48,USD,everythingforlesss,99.6,75191,US,,,0,46,9355,Cell Phones & Smartphones,1,14
v1|226862849804|0,Apple iPhone 15 Plus A2847 128GB Blue! 99% battery health! Factory Unlocked!,Used,3000,565.99,USD,hohenz0,100,1653,US,,,0,0,9355,Cell Phones & Smartphones,4,15
v1|226833255203|525984441907,Excellent! Apple iPhone 16 Pro Max (AT&T) 256GB - 6.9'' *Black *Gold - Grade A+,Open box,1500,975.99,USD,calipaks-store,98.5,1442,US,,,0,17,9355,Cell Phones & Smartphones,2,16
v1|285828450914|587854289015,Apple iPhone 14 - 128GB 256GB 512GB - All Colors - Excellent Condition,Excellent - Refurbished,2010,355,USD,buybackboss,98.8,21466,US,,,0,444,9355,Cell Phones & Smartphones,8,14
v1|296213802065|594428521843,Apple iPhone 15 Plus 128GB Factory Unlocked AT&T T-Mobile Verizon Good Condition,Good - Refurbished,2030,495.95,USD,supplytronics,98.3,115563,US,,,0,519,9355,Cell Phones & Smartphones,45,15
v1|196548522453|0,Apple iPhone 15 A2846 Unlocked 128GB Pink C,Used,3000,439.99,USD,yywirelesss,98,152818,US,,0,0,338,9355,Cell Phones & Smartphones,58,15
v1|226200717030|525398831012,Apple iPhone 14 128GB A2649 Unlocked 90%+ Battery Very Good,Very Good - Refurbished,2020,360,USD,loop-mobile,98.4,8782,US,799,55,0,388,9355,Cell Phones & Smartphones,4,14
v1|305347847824|604270528556,Apple iPhone 15 Plus 256GB Factory Unlocked AT&T T-Mobile Verizon Good Condition,Good - Refurbished,2030,537.95,USD,supplytronics,98.3,115563,US,999,46,0,549,9355,Cell Phones & Smartphones,45,15
v1|335174892388|544416395403,Apple iPhone 14 128GB - All Colors - Factory Unlocked - Fair Condition,Used,3000,299,USD,maxbacksales,98.4,10163,US,332.22,10,0,569,9355,Cell Phones & Smartphones,4,14
v1|146330949181|445173630651,For iPhone 16 15 14 13 12 Pro Max Tempered Glass Privacy Screen Camera Protector,New,1000,9.49,USD,fixyourcell,97.8,131613,US,,,0,179,58540,Screen Protectors,2,16
v1|236184075150|536738362601,Apple iPhone 14 Pro Max Unlocked  128GB / 256GB / 512GB / 1TB - All Color Sealed,Used,3000,475,USD,mouba242,100,80,CN,499.99,5,3,7,9355,Cell Phones & Smartphones,11,14
v1|185984108489|694130020375,4 PACK For iPhone 16 15 14 13 12 11 Pro Max XR Tempered Glass Screen Protector,New,1000,5.99,USD,ec*wholesales,96.6,85492,US,,,0,730,58540,Screen Protectors,6,16
v1|387052411682|654637818812,3X For iPhone 16 15 14 13 12 11 Pro Max  Privacy Tempered Glass Screen Protector,New,1000,6.99,USD,whats_good,98.5,15759,US,,,0,404,58540,Screen Protectors,2,16
v1|134767620352|434264637267,For iPhone 16 Pro Max 15 14 13 12 11 Heavy Duty Defender Case Belt Clip Holster,New,1000,14.99,USD,toymineinc,95.7,30296,US,,,0,637,20349,"Cases, Covers & Skins",1,16
v1|406033748193|0,Apple iPhone 14 - 128 GB 5G Black ATT,Used,3000,215,USD,karkos97,100,111,US,218.99,2,10,98,9355,Cell Phones & Smartphones,1,14
v1|365346923529|635126516966,Apple iPhone 14 256GB Unlocked - Very Good,Very Good - Refurbished,2020,368.99,USD,bidallies,98,353823,US,899,59,0,177,9355,Cell Phones & Smartphones,14,14
v1|326404360126|515521737693,Apple iPhone 14 Pro 128GB - Fully Unlocked - ALL CARRIERS - EXCELLENT Condition,Excellent - Refurbished,2010,509.99,USD,gadget-solutions,97.9,7314,US,,,0,180,9355,Cell Phones & Smartphones,7,14
v1|176452239917|0,Apple iPhone 15 A2846 AT&T Only 256GB Black Good,Good - Refurbished,2030,434.99,USD,yywirelesss,98,152818,US,,0,0,375,9355,Cell Phones & Smartphones,58,15
v1|146627774721|445315517217,(AT&T) Latest Apple iPhone 16 Pro A3083 - 128GB All Colors - OPEN BOX,Open box,1500,769.99,USD,teeerashop,98.8,6810,US,,,0,37,9355,Cell Phones & Smartphones,5,16
v1|187038750472|0,Apple iPhone 16 Pro A3083 AT&T Only 128GB White Titanium Very Good,Very Good - Refurbished,2020,704.99,USD,yywirelesss,98,152818,US,,0,0,121,9355,Cell Phones & Smartphones,58,16
v1|186767002427|0,Apple iPhone 16 Pro A3083 Unlocked 256GB Natural Titanium Good,Good - Refurbished,2030,844.99,USD,yywirelesss,98,152818,US,,,0,247,9355,Cell Phones & Smartphones,58,16
v1|197082979961|0,Apple iPhone 16 Pro A3083 US Cellular Only 128GB Desert Titanium Very Good,Very Good - Refurbished,2020,714.99,USD,yywirelesss,98,152818,US,,0,0,127,9355,Cell Phones & Smartphones,58,16
v1|396852454780|0,Apple iPhone 16 Pro 256GB T-Mobile Only Very Good Condition 100% Battery Health,Used,3000,899.99,USD,wireless-84,93.8,266,US,,,0,0,9355,Cell Phones & Smartphones,2,16
v1|296129365326|594238578233,Apple iPhone 14 Pro 256GB Unlocked Fair Condition - All Colors,Used,3000,479.99,USD,itsworthmore,98.7,95499,US,,,0,563,9355,Cell Phones & Smartphones,24,14
v1|356078333994|625109978317,For iPhone 16 15 14 Plus 13 12 11 Pro Max  Case Magnetic Slim Shockproof Cover,New,1000,12.34,USD,bentoben-casemall,98.2,161,US,12.99,5,0,292,9355,Cell Phones & Smartphones,2,16
v1|364884552814|634460609610,Apple iPhone 14 Pro Max 1TB Unlocked - Excellent,Excellent - Refurbished,2010,704.99,USD,bidallies,98,353823,US,1599,56,0,428,9355,Cell Phones & Smartphones,14,14
v1|176894648324|0,Apple iPhone 16 Pro Max A3084 T-Mobile Only 256GB Black Titanium Very Good,Very Good - Refurbished,2020,899.99,USD,yywirelesss,98,152818,US,,0,0,129,9355,Cell Phones & Smartphones,58,16
v1|176452503440|0,Apple iPhone 15 A2846 T-Mobile Only 128GB Yellow Very Good,Very Good - Refurbished,2020,424.99,USD,yywirelesss,98,152818,US,,0,0,374,9355,Cell Phones & Smartphones,58,15
v1|226862111475|0,Apple iPhone 15 A2846 128GB Pink! 100% battery health! Unlocked phone!,Used,3000,551.99,USD,hohenz0,100,1653,US,,,0,0,9355,Cell Phones & Smartphones,4,15
v1|176682933874|0,Apple iPhone 16 Pro A3083 AT&T Only 128GB Black Titanium C,Used,3000,684.99,USD,yywirelesss,98,152818,US,,0,0,239,9355,Cell Phones & Smartphones,58,16
v1|176450985992|0,Apple iPhone 15 A2846 T-Mobile Only 128GB Pink Very Good,Very Good - Refurbished,2020,414.99,USD,yywirelesss,98,152818,US,,0,0,375,9355,Cell Phones & Smartphones,58,15
v1|157078776171|458586382264,Apple iPhone 14 Pro 128GB 256G 512GB Unlocked Smartphone - Heavy Scratch,Used,3000,439.99,USD,kisselectronicsinc,98.2,16666,US,474.99,7,0,32,9355,Cell Phones & Smartphones,9,14
v1|176682933045|0,Apple iPhone 16 A3081 Unlocked 128GB White Very Good,Very Good - Refurbished,2020,629.99,USD,yywirelesss,98,152818,US,,,0,239,9355,Cell Phones & Smartphones,58,16
v1|277178211413|0,Apple iPhone 16 Pro - Unlocked - Natural Titanium - 256GB - Excellent,Used,3000,948,USD,gadgetgone,99.2,23822,US,,,0,35,9355,Cell Phones & Smartphones,6,16
v1|256593723619|556848297635,Apple iPhone 14 128GB Unlocked - Good,Good - Refurbished,2030,302.99,USD,cellfeee,97.8,120601,US,799,62,0,341,9355,Cell Phones & Smartphones,3,14
v1|387022871966|654296076858,Apple iPhone 14 Pro Max 512GB Unlocked - Excellent,Excellent - Refurbished,2010,650.99,USD,bidallies,98,353823,US,1399,53,0,416,9355,Cell Phones & Smartphones,14,14
v1|157125311841|0,Apple iPhone 16 Pro A3083 128 GB SSD Black Titanium - Unlocked,Excellent - Refurbished,2010,899.99,USD,buyrefurbished,96.4,15927,US,1349.99,33,0,17,9355,Cell Phones & Smartphones,1,16
v1|277026503483|2560349601644,Apple iPhone 14 | 14 Plus - 128GB 256GB 512GB - Unlocked Verizon T-Mobile AT&T,Used,3000,278.95,USD,tech-hobbies,99.4,6290,US,309.95,10,0,91,9355,Cell Phones & Smartphones,2,14
v1|126784217862|0,"Apple iPhone 14 128 GB Black Unlocked Verizon, AT&T, T-Mobile",Used,3000,304.89,USD,nikatronics,97.5,60122,US,,,0,235,9355,Cell Phones & Smartphones,1,14
v1|297333428625|594885093830,*NEW OEM SEALED* Apple iPhone 16 Pro Max Apple 1 Year Warranty!!,New,1000,1349.95,USD,thewhizcellsllc,98.6,23791,US,,,0,50,9355,Cell Phones & Smartphones,4,16
v1|364631288081|634149199398,Apple iPhone 14 Pro Max 128GB Unlocked - Very Good,Very Good - Refurbished,2020,554.99,USD,bidallies,98,353823,US,1099,50,0,575,9355,Cell Phones & Smartphones,14,14
v1|187328520394|0,Apple iPhone 16 Plus A3082 Xfinity Only 256GB Pink Very Good,Very Good - Refurbished,2020,639.99,USD,yywirelesss,98,152818,US,,,0,28,9355,Cell Phones & Smartphones,58,16
v1|126671028654|427714802581,new open box Apple iPhone 15  128GB factory Unlocked all colors sale price,Open box,1500,609.99,USD,artblue2007,99.1,10677,US,,,0,302,9355,Cell Phones & Smartphones,1,15
v1|186531732432|0,Apple iPhone 15 A2846 T-Mobile Only 128GB Blue Very Good,Very Good - Refurbished,2020,434.99,USD,yywirelesss,98,152818,US,,0,0,375,9355,Cell Phones & Smartphones,58,15
v1|176484933744|0,Apple iPhone 15 A2846 US Cellular Only 128GB Pink Good,Good - Refurbished,2030,369.99,USD,yywirelesss,98,152818,US,,,0,354,9355,Cell Phones & Smartphones,58,15
v1|276217865773|578595977083,Apple iPhone 14 256GB Unlocked Good Condition - All Colors,Good - Refurbished,2030,379.99,USD,itsworthmore,98.7,95499,US,,,0,582,9355,Cell Phones & Smartphones,24,14
v1|356261055659|625250122953,Apple iPhone 14 Pro Max 128GB Network Unlocked Excellent Condition,Excellent - Refurbished,2010,618.73,USD,directauth,97.7,23260,US,1099,44,0,239,9355,Cell Phones & Smartphones,24,14
v1|306392313909|0,Apple iPhone 14 128GB Midnight Unlocked,Used,3000,339.99,USD,fireflystore,100,110,US,,,0,0,9355,Cell Phones & Smartphones,1,14
v1|296097644519|594220412187,Apple iPhone 14 Pro 128GB Unlocked Good Condition - All Colors,Good - Refurbished,2030,449.99,USD,itsworthmore,98.7,95499,US,,,0,582,9355,Cell Phones & Smartphones,24,14
v1|405469342226|0,For iPhone 16 Pro Max Case with Shockproof Protection and Anti-Yellowing cover,New,1000,23.84,USD,actus_corp,99.2,358,US,,,0,183,9355,Cell Phones & Smartphones,2,16
v1|297433162027|0,Apple iPhone 16 Pro 256GB Black Titanium Unlocked - NEW & SEALED,New,1000,1149.99,USD,itsworthmore,98.7,95499,US,,,0,131,9355,Cell Phones & Smartphones,24,16
v1|387414438892|0,"For iPhone 16 Pro MagSafe Case Magnetic 6.3"" Shockproof Rugged Matte Cover Black",New,1000,10.99,USD,bentoben20,97.9,984,US,,,0,292,9355,Cell Phones & Smartphones,1,16
v1|296097645226|594220234809,Apple iPhone 14 Pro 256GB Unlocked Very Good Condition - All Colors,Very Good - Refurbished,2020,539.99,USD,itsworthmore,98.7,95499,US,,,0,582,9355,Cell Phones & Smartphones,24,14
v1|386938357149|654211801710,Apple iPhone 14 Pro Max 256GB Unlocked - Excellent,Excellent - Refurbished,2010,619.99,USD,bidallies,98,353823,US,1199,48,0,449,9355,Cell Phones & Smartphones,14,14
v1|225963690104|525058306923,Apple iPhone 14 128GB 256GB 512GB (AT&T) All Colors,Very Good - Refurbished,2020,299.97,USD,networkstore,96.2,5416,US,,,0,770,9355,Cell Phones & Smartphones,6,14
v1|176582939042|0,Apple iPhone 15 Plus A2847 AT&T Only 256GB Pink Very Good,Very Good - Refurbished,2020,484.99,USD,yywirelesss,98,152818,US,,0,0,297,9355,Cell Phones & Smartphones,58,15
v1|267318092830|0,"Apple iPhone 14 A2649 128GB Midnight Black 6.1"" ATT Clean IMEI: Fair",Used,3000,269,USD,sagese-2015,98.7,10556,US,,,0,3,9355,Cell Phones & Smartphones,1,14
v1|296975213339|594885220126,Apple iPhone 14 Pro Super Retina XDR display 6.1‚Äëinch (diagonal) all‚Äëscreen OLED,Excellent - Refurbished,2010,469.95,USD,thewhizcellsllc,98.6,23791,US,,,0,162,9355,Cell Phones & Smartphones,4,14
v1|135134810369|434603736499,Apple iPhone 14 5G Cricket XFinity Spectrum 128GB 256GB Smartphone | Excellent,Used,3000,409.99,USD,miamiwireless,97.5,6992,US,,,0,371,9355,Cell Phones & Smartphones,2,14
v1|286637435661|0,Apple iPhone 14 Pro 256 GB Space Black Unlocked (All Carriers) Good Condition,Good - Refurbished,2030,474.99,USD,mobileworldny,98.2,7044,US,,0,0,32,9355,Cell Phones & Smartphones,1,14
v1|365599127978|635393362100,For iPhone 16e Case MagSafe Magnetic Shockproof Translucent Matte Slim Cover,New,1000,14.43,USD,bentoben-us,98.2,3443,US,15.19,5,0,60,9355,Cell Phones & Smartphones,2,16
v1|356348519692|625311309395,Apple iPhone 14 Pro Max 128GB Unlocked Good Condition,Good - Refurbished,2030,530.84,USD,directauth,97.7,23260,US,,,0,217,9355,Cell Phones & Smartphones,24,14
v1|176833741249|0,iPhone 14 ,Used,3000,650,USD,mention718,100,772,US,,,0,152,9355,Cell Phones & Smartphones,1,14
v1|157078749667|458586379989,Apple iPhone 15 A2846 128GB 256GB 512GB Unlocked Smartphone - Heavy Scratch,Used,3000,429.99,USD,kisselectronicsinc,98.2,16666,US,,,0,32,9355,Cell Phones & Smartphones,9,15
v1|127185108076|428284979595,"Apple iPhone 14, 128GB-256GB, Fully Unlocked - Very Good Condition",Very Good - Refurbished,2020,340,USD,electrapulse,97.9,771,US,,,0,23,9355,Cell Phones & Smartphones,1,14
v1|365599127978|635393362100,For iPhone 16e Case MagSafe Magnetic Shockproof Translucent Matte Slim Cover,New,1000,14.43,USD,bentoben-us,98.2,3443,US,15.19,5,0,60,9355,Cell Phones & Smartphones,2,16
v1|186586471690|0,Apple iPhone 15 A2846 Verizon Only 128GB Pink Good,Good - Refurbished,2030,419.99,USD,yywirelesss,98,152818,US,,,0,353,9355,Cell Phones & Smartphones,58,15
v1|364894562716|634475573434,Apple iPhone 14 Pro Max 128GB Unlocked - Excellent,Excellent - Refurbished,2010,573.99,USD,bidallies,98,353823,US,1099,48,0,423,9355,Cell Phones & Smartphones,14,14
v1|335992498729|0,4x For iPhone 16/15 Pro Plus Max Type-C Male to 8-Pin Female Adapter Converter,New,1000,7.99,USD,gep_company,98.9,16138,US,,,0,39,123422,Cables & Adapters,1,16
v1|388195581226|655383972081,Apple iPhone 14 Pro A2650 1TB Unlocked Excellent Condition,Excellent - Refurbished,2010,618.03,USD,glo_sales,98.3,1090,US,,,0,99,9355,Cell Phones & Smartphones,4,14
v1|256647620189|0,"For iPhone 16 Pro Max 6.9"" Shockproof Case Cover Belt Clip Otterbox Heavy Duty",New,1000,16.83,USD,u-geek,97.3,5129,US,17.72,5,0,295,9355,Cell Phones & Smartphones,2,16
v1|404683624752|674681837421,Apple iPhone 14 Pro Max 256GB Unlocked - Very Good,Very Good - Refurbished,2020,601.99,USD,bidallies,98,353823,US,1199,50,0,575,9355,Cell Phones & Smartphones,14,14
v1|365726304118|0,Apple iPhone 16 Pro 256GB - MINT CONDITION / PERFECT CONDITION,Used,3000,1226.18,USD,dougue27_7,100,8,IT,,,37.4,0,9355,Cell Phones & Smartphones,1,16
v1|226862449566|0,Apple iPhone 14 Pro A2650 1TB Gold! 98% battery health! Unlocked!,Used,3000,620.99,USD,hohenz0,100,1653,US,,,0,0,9355,Cell Phones & Smartphones,4,14
v1|235808178243|536198891265,For iPhone 16/15/14/13/12/11 Pro Max Phone Case Heavy Duty Shockproof Ring Cover,New,1000,14.3,USD,bentoben-seller,97.1,1844,US,15.21,6,0,256,20349,"Cases, Covers & Skins",1,16
v1|317011908016|615440515049,Original USB Fast Charger Cable Cord For iPhone 16 15 14 13 12 11 Pro Max 8 7 6,New,1000,6.99,USD,friendly_shop,93.3,52238,US,,,0,23,123422,Cables & Adapters,1,16
v1|126469621517|427508257916,Wholesale Privacy GLASS Screen Protector For iPhone 16 15 14 13 12 11 Pro Max XR,New,1000,7.99,USD,jkooteck,97.5,53428,US,,,0,431,58540,Screen Protectors,2,16
v1|285848695425|587874736580,Apple iPhone 14 Pro - 128GB 256GB 512GB 1TB - All Colors - Fair Condition,Used,3000,491,USD,gadgetgone,99.2,23822,US,,,0,430,9355,Cell Phones & Smartphones,6,14
v1|235414338644|535523704531,Apple iPhone 14 128GB - All Colors - Factory Unlocked - Good Condition,Used,3000,309,USD,maxbacksales,98.4,10163,US,343.33,10,0,544,9355,Cell Phones & Smartphones,4,14
v1|277059878948|0,Apple iPhone 15 Plus - Unlocked 128GB Green - Excellent Condition,Used,3000,650,USD,gadgetgone,99.2,23822,US,,,0,79,9355,Cell Phones & Smartphones,6,15
v1|277098928488|0,Apple iPhone 16 - Unlocked - Teal - 128GB - Excellent,Used,3000,765,USD,gadgetgone,99.2,23822,US,,,0,63,9355,Cell Phones & Smartphones,6,16
v1|285596618337|587579216986,Apple iPhone 15 128GB Unlocked Very Good Condition - All Colors,Very Good - Refurbished,2020,519.99,USD,itsworthmore,98.7,95499,US,,,0,582,9355,Cell Phones & Smartphones,24,15
v1|296129750102|594238921838,Apple iPhone 15 Plus 128GB Unlocked Fair Condition - All Colors,Used,3000,499.99,USD,itsworthmore,98.7,95499,US,,,0,563,9355,Cell Phones & Smartphones,24,15
v1|285625479465|587617089243,Apple iPhone 14 Pro Max 128GB Unlocked Fair Condition - All Colors,Used,3000,539.99,USD,itsworthmore,98.7,95499,US,,,0,563,9355,Cell Phones & Smartphones,24,14
v1|225871733072|524963065953,Apple iPhone 14 Pro Max 128GB 256GB 512GB 1TB (Unlocked) All Colors,Very Good - Refurbished,2020,649.97,USD,networkstore,96.2,5416,US,,,0,764,9355,Cell Phones & Smartphones,6,14
v1|285596636273|587579246999,Apple iPhone 15 Plus 128GB Unlocked Very Good Condition - All Colors,Very Good - Refurbished,2020,569.99,USD,itsworthmore,98.7,95499,US,,,0,582,9355,Cell Phones & Smartphones,24,15
v1|387907199385|0,Apple iPhone 14 A2649 128GB Blue Unlocked Good Condition,Good - Refurbished,2030,327.09,USD,glo_sales,98.3,1090,US,,,0,472,9355,Cell Phones & Smartphones,4,14
v1|388692750547|0,iPhone 14,Used,3000,485,USD,hxgxk-69,0,0,US,,,,1,9355,Cell Phones & Smartphones,1,14
v1|296659748152|0,Apple iPhone 15 128GB Yellow Unlocked,Excellent - Refurbished,2010,679.95,USD,focuscamera,99.2,191837,US,999,32,0,316,9355,Cell Phones & Smartphones,1,15
v1|146703459343|0,Apple iPhone 14 - 128 GB - Midnight (T-Mobile/Sprint) - 100% Battery Health,Used,3000,310,USD,refurbishedassets,100,49,US,,,,16,9355,Cell Phones & Smartphones,1,14
v1|296858720243|594629102374,Apple iPhone 16 Pro Max 256GB Unlocked Very Good Condition - All Colors,Very Good - Refurbished,2020,969.99,USD,itsworthmore,98.7,95499,US,,,0,219,9355,Cell Phones & Smartphones,24,16
v1|355709750957|624802325403,3X Tempered Glass Screen Protector For iPhone 16 15 14 13 12 11 Pro Max X XR 8 7,New,1000,7.99,USD,finest.bazaar,91.7,4809,US,8.41,5,0,425,9355,Cell Phones & Smartphones,4,16
v1|336004398712|545547647120,For iPhone 16 Plus 16+ Mag Safe Magnetic Shockproof Slim Matte Case Cover ,New,1000,11.77,USD,bentoben_store,98.4,860,US,12.39,5,0,33,9355,Cell Phones & Smartphones,2,16
v1|336061507249|545598678324,Apple iPhone 15 128GB - All Colors - Factory Unlocked - Fair Condition,Used,3000,489,USD,maxbacksales,98.4,10163,US,543.33,10,0,0,9355,Cell Phones & Smartphones,4,15
v1|196517119213|0,Apple iPhone 15 Plus A2847 Spectrum Only 128GB Black Good,Good - Refurbished,2030,384.99,USD,yywirelesss,98,152818,US,,0,0,354,9355,Cell Phones & Smartphones,58,15
v1|296129357863|594238526477,Apple iPhone 14 128GB Unlocked Fair Condition - All Colors,Used,3000,299.99,USD,itsworthmore,98.7,95499,US,307.95,3,0,563,9355,Cell Phones & Smartphones,24,14
v1|388597914043|0,Metro PCS Apple iPhone 14 ‚Äì 128GB ‚Äì Midnight ‚Äì MPUA3LL/A,Open box,1500,310,USD,cucoin-storehouse,99.5,1869,US,,,,24,9355,Cell Phones & Smartphones,1,14
v1|285598123720|587581212106,Apple iPhone 14 Pro Max 256GB Unlocked Good Condition - All Colors,Good - Refurbished,2030,619.99,USD,itsworthmore,98.7,95499,US,,,0,582,9355,Cell Phones & Smartphones,24,14
v1|365668686048|0,"Apple iPhone 15, 128GB, Black - Unlocked",Used,3000,579.99,USD,ecosave_boston_devices,83.3,4,US,,,0,46,9355,Cell Phones & Smartphones,1,15
v1|197504216593|496836298485,Shockproof Heavy Duty Case For iPhone 16 15 14 Plus 13 12 11 Pro Max Case Cover,New,1000,18.98,USD,avrox-accessories,92.2,9238,US,,,0,6,9355,Cell Phones & Smartphones,6,16
v1|197494706421|496822640782,"Apple iPhone 15-128GB/256GB-6G RAM  All Colors  6.1"" 48MP (Unlocked) 3349mAh",Used,3000,451.9,USD,moubaikj,96.5,106,CN,,,3,9,9355,Cell Phones & Smartphones,7,15
v1|326461032692|515563969572,Apple iPhone 14 - 128 GB - A2649 Unlocked All Colors ~ Very Good Condition!,Very Good - Refurbished,2020,329.99,USD,superbdeals1,97.7,13325,US,,,0,137,9355,Cell Phones & Smartphones,2,14
v1|135327795224|434745095734,Apple iPhone 14 5G Cricket T-Mobile Verizon 128GB Smartphone | Very Good,Used,3000,409.99,USD,miamiwireless,97.5,6992,US,,,0,256,9355,Cell Phones & Smartphones,2,14
v1|205244674335|0,AT&T Apple iPhone 16 - 128GB - Ultramarine - MYAT3LL/A,Excellent - Refurbished,2010,588.99,USD,r3newtech,99.6,22977,US,619.99,5,0,168,9355,Cell Phones & Smartphones,3,16
v1|276863520483|0,Apple iPhone 16 - Verizon 128GB White - Flawless Condition,Used,3000,729,USD,gadgetgone,99.2,23822,US,,,0,149,9355,Cell Phones & Smartphones,6,16
v1|387969342307|0,3-Pack NEW iPhone 16e 6.1 inch Clear Tempered Glass Screen Protector Shockproof,New,1000,7.99,USD,cellp_59,93.5,35322,US,,,0,142,58540,Screen Protectors,1,16
v1|387055467973|0,Apple iPhone 14 - 128 GB - Blue (Spectrum) (Single SIM),Used,3000,400,USD,breha_5367,0,0,US,,,25,403,9355,Cell Phones & Smartphones,1,14
v1|196477603125|0,Apple iPhone 15 Plus A2847 T-Mobile Only 128GB Black Good,Good - Refurbished,2030,409.99,USD,yywirelesss,98,152818,US,,0,0,375,9355,Cell Phones & Smartphones,58,15
v1|306386628258|606128394838,For iPhone 16 Pro Max Shockproof Case Compatible Magsafe 2 Layers Phone Cover,New,1000,14.89,USD,best4ushoppingnow,96.3,4317,US,,,0,4,9355,Cell Phones & Smartphones,1,16
v1|335865472379|545574947110,For iPhone 16 Pro Max Case MagSafe Magnetic Heavy Duty Shockproof Phone Cover ,New,1000,16.14,USD,bentoben_store,98.4,860,US,16.99,5,0,117,9355,Cell Phones & Smartphones,2,16
v1|146138314778|445065842177,Brand New in Box Apple iPhone 14 PRO A2650 512GB 1TB USA Unlocked Smartphone USA,New,1000,671.09,USD,sensefc,99,1213,US,,,0,256,9355,Cell Phones & Smartphones,2,14
v1|365716091858|0,For iPhone 16 Plus Case With Military Grade Drop Proof Protective Cover Hot Pink,New,1000,26.99,USD,valuespots,98,96,US,,,0,5,9355,Cell Phones & Smartphones,1,16
v1|186860322088|0,Apple iPhone 16 A3081 US Cellular Only 128GB Pink Good,Good - Refurbished,2030,549.99,USD,yywirelesss,98,152818,US,,,0,197,9355,Cell Phones & Smartphones,58,16
v1|176597747945|476228022663,Shockproof  Leather Case For iPhone 16 15 14 Plus 13 Pro Max + Lens Protector,New,1000,9.89,USD,xgwholesales,97.6,15511,US,,,0,288,20349,"Cases, Covers & Skins",4,16
v1|156830711629|458242960929,Apple iPhone 14 Pro Max 128GB 256GB 512GB Unlocked Smartphone - Very Good,Used,3000,539.99,USD,kisselectronicsinc,98.2,16666,US,,,0,108,9355,Cell Phones & Smartphones,9,14
v1|226369889184|0,Apple iPhone 14 ‚ú® Factory Unlocked ‚ú® - 128GB 6GB - Blue 6.1'' - Excellent,Used,3000,446.99,USD,learbre,99,9528,US,,,0,290,9355,Cell Phones & Smartphones,2,14
v1|286701345115|0,iPhone 16 Plus ‚Äì 128GB White (Unlocked) ‚Äì Excellent Condition,Used,3000,750,USD,yoc_3057,0,0,US,,,,1,9355,Cell Phones & Smartphones,1,16
v1|296129654068|594238606256,Apple iPhone 14 Pro Max 256GB Unlocked Fair Condition - All Colors,Used,3000,549.99,USD,itsworthmore,98.7,95499,US,,,0,563,9355,Cell Phones & Smartphones,24,14
v1|267312045445|0,Apple iPhone 15 A2846 128GB Pink T-Mobile Only W053664,Used,3000,477.83,USD,wirelesssdepot,97.1,28858,US,,,0,8,9355,Cell Phones & Smartphones,1,15
v1|395775647146|0,2 Pack Privacy Screen Protector for iPhone 16 Pro Anti Spy Privacy Screen 6.3 In,New,1000,16.29,USD,agile_cart,98,454,US,,,0,276,9355,Cell Phones & Smartphones,1,16
v1|285665246061|0,Apple iPhone 15 - 128GB - Unlocked - Black - Good,Good - Refurbished,2030,472,USD,buybackboss,98.8,21466,US,,,0,536,9355,Cell Phones & Smartphones,8,15
v1|388146105793|655341560733,Apple iPhone 14 A2649 128GB Unlocked Refurbished Condition,Excellent - Refurbished,2010,581.74,USD,glo_sales,98.3,1090,US,,,0,108,9355,Cell Phones & Smartphones,4,14
v1|295997977192|594156516645,Apple iPhone 14 Pro Max 1TB Unlocked AT&T T-Mobile Verizon Fair Condition,Used,3000,569.95,USD,supplytronics,98.3,115563,US,1599,64,0,630,9355,Cell Phones & Smartphones,45,14
v1|297465148025|0,"Apple iPhone 14 (Unlocked), 128GB, Black",Used,3000,300,USD,wil236778,0,0,US,,,,0,9355,Cell Phones & Smartphones,1,14
v1|226862301866|0,Apple iPhone 14 Pro Max A2651 128GB Gold! Unlocked phone! Pristine condition!,Used,3000,675.99,USD,hohenz0,100,1653,US,,,0,0,9355,Cell Phones & Smartphones,4,14
v1|146121287358|0,Apple iPhone 14 - 128GB - Purple 6.1'' (For T-Mobile) - A Grade,Used,3000,364.99,USD,teeerashop,98.8,6810,US,,,0,262,9355,Cell Phones & Smartphones,5,14
v1|365720391498|635495736817,Apple iPhone 15 Plus - 512GB - (Unlocked) - A2847 - Excellent,Excellent - Refurbished,2010,669,USD,ltdealsdirect,98,6518,US,,,0,2,9355,Cell Phones & Smartphones,1,15
v1|197254228990|0,Apple iPhone 16 A3081 Xfinity Only 128GB Ultramarine C,Used,3000,544.99,USD,yywirelesss,98,152818,US,,,0,77,9355,Cell Phones & Smartphones,58,16
v1|186696250492|0,Apple iPhone 14 Pro A2650 US Cellular Only 128GB Deep Purple Very Good,Very Good - Refurbished,2020,449.99,USD,yywirelesss,98,152818,US,,0,0,293,9355,Cell Phones & Smartphones,58,14
v1|186776875974|0,Apple iPhone 16 A3081 Verizon Only 128GB Pink Very Good,Very Good - Refurbished,2020,539.99,USD,yywirelesss,98,152818,US,,,0,242,9355,Cell Phones & Smartphones,58,16
v1|336048769138|0,Apple iPhone 14 - 128GB - Midnight - Unlocked - 85%+ Battery Excellent Condition,Excellent - Refurbished,2010,339,USD,stellar2506,99.1,340,US,,,0,8,9355,Cell Phones & Smartphones,17,14
v1|335240239180|544539981939,Apple iPhone 14 128GB - All Colors - Factory Unlocked - Very Good Condition,Used,3000,325,USD,maxbacksales,98.4,10163,US,361.11,10,0,544,9355,Cell Phones & Smartphones,4,14
v1|136013300341|0,For iPhone 16 Pro Max Case with Military Enhanced Ergonomic Design protection,New,1000,29.02,USD,victor_store,99.5,196,US,,,0,25,9355,Cell Phones & Smartphones,1,16
v1|355835391101|624904860701,For iPhone 16 15 14 13 12 11 Pro Max Tempered Glass Screen Camera Lens Protector,New,1000,7.49,USD,finest.bazaar,91.7,4809,US,7.88,5,0,375,9355,Cell Phones & Smartphones,4,16
v1|197504178321|496836301432,For iPhone 16 15 14 Plus 13 12 11 Pro Max Shockproof Heavy Duty Rugged Case,New,1000,18.98,USD,avrox-accessories,92.2,9238,US,,,0,6,9355,Cell Phones & Smartphones,6,16
v1|197504215383|496836340704,For iPhone 16 15 Pro Max 14 13 12 11 XR X Phone Case Heavy Duty Shockproof Cover,New,1000,18.98,USD,avrox-accessories,92.2,9238,US,,,0,6,9355,Cell Phones & Smartphones,6,16
v1|136121606179|435143007626,Apple iPhone 15-128GB/256 GB- Various Colors (Factory Unlocked) 6GB RAM 3349mAh,Used,3000,438,USD,tristan-01,80,284,CN,,,3,4,9355,Cell Phones & Smartphones,1,15
v1|197504197950|496836387860,Shockproof Heavy Duty Case For iPhone 16 15 14 Plus 13 12 11 Pro Max Rug Cover,New,1000,18.98,USD,avrox-accessories,92.2,9238,US,,,0,6,9355,Cell Phones & Smartphones,6,16
v1|375604932936|0,"Apple iPhone 14 Plus 6.7"" Unlocked 128GB (Red) A2632 - w/1 Year Warranty",Very Good - Refurbished,2020,424,USD,tekdeals,98.9,39841,US,532,20,0,324,9355,Cell Phones & Smartphones,8,14
v1|306094498443|605499681096,Apple iPhone 15 512GB Factory Unlocked Open Box Mint Smartphone A2846,Open box,1500,613.45,USD,supplytronics,98.3,115563,US,1099,44,0,156,9355,Cell Phones & Smartphones,45,15
v1|197098969241|0,Apple iPhone 16 A3081 Spectrum Only 128GB Ultramarine Good,Good - Refurbished,2030,539.99,USD,yywirelesss,98,152818,US,,0,0,122,9355,Cell Phones & Smartphones,58,16
v1|276864775398|2560286204388,UNLOCKED Apple iPhone 14 Pro 512GB Smartphone - All Colors - Grade A,Used,3000,618.99,USD,havearly,98.7,11967,US,,,0,149,9355,Cell Phones & Smartphones,3,14
v1|146364481129|445196340757,Apple iPhone 16 Pro Max A3084 - Factory Unlocked - 256GB All Colors - Very Good,Very Good - Refurbished,2020,1028.99,USD,teeerashop,98.8,6810,US,,,0,160,9355,Cell Phones & Smartphones,5,16
v1|356494685259|0,Apple iPhone 14 - 128 GB - Purple (T-Mobile),Used,3000,500,USD,nic_409306,0,0,US,,,0,170,9355,Cell Phones & Smartphones,1,14
v1|176759498550|0,Apple iPhone 16 A3081 US Cellular Only 128GB Black Good,Good - Refurbished,2030,539.99,USD,yywirelesss,98,152818,US,,,0,197,9355,Cell Phones & Smartphones,58,16
v1|296106948944|594225792216,Apple iPhone 15 512GB Factory Unlocked AT&T T-Mobile Verizon Very Good Condition,Very Good - Refurbished,2020,560.95,USD,supplytronics,98.3,115563,US,1099,49,0,576,9355,Cell Phones & Smartphones,45,15
v1|156578488515|0,Apple iPhone 14 256GB Black (Verizon) - Good,Good - Refurbished,2030,353.99,USD,cellularprofessor,99.2,20047,US,,,0,211,9355,Cell Phones & Smartphones,2,14
v1|197033614152|0,Apple iPhone 16 A3081 Spectrum Only 128GB Pink C,Used,3000,519.99,USD,yywirelesss,98,152818,US,,0,0,143,9355,Cell Phones & Smartphones,58,16
v1|226332513364|525524006843,For iPhone 16/15/14/13/12 Pro Max Shockproof MagSafe Magnetic Matte Case Cover,New,1000,15.06,USD,bentoben-buy,97.6,4437,US,15.85,5,0,311,20349,"Cases, Covers & Skins",1,16
v1|325887018641|514935566840,Apple iPhone 14 128GB 256GB 512GB (Cricket Wireless) All Colors,Used,3000,249.97,USD,networkstore,96.2,5416,US,,,0,770,9355,Cell Phones & Smartphones,6,14
v1|375377650321|0,"Apple iPhone 14 6.1"" A2649 Unlocked w/128GB (Purple) - Very Good",Very Good - Refurbished,2020,356,USD,tekdeals,98.9,39841,US,450,21,0,451,9355,Cell Phones & Smartphones,8,14
v1|325937976920|514983914794,Apple iPhone 14 Pro 128GB 256GB 512GB 1TB (TracFone) Black Gold Purple Silver,Used,3000,449.97,USD,networkstore,96.2,5416,US,,,0,568,9355,Cell Phones & Smartphones,6,14
v1|236170104272|536726218444,For iPhone 16 15 14 Plus 13 Pro Max Phone Case Heavy Duty Shockproof Ring Cover,New,1000,10.22,USD,jalicea123,97.8,44,US,10.99,7,0,15,20349,"Cases, Covers & Skins",1,16
v1|275615101715|0,iPhone 14 Pro Max - Factory Unlocked - 128GB - Black - Very Good,Very Good - Refurbished,2020,589,USD,buybackboss,98.8,21466,US,,,0,913,9355,Cell Phones & Smartphones,8,14
v1|226586061936|0,Good! Unlocked Apple iPhone 14 128GB 6GB RAM Purple - Grade A,Used,3000,349.99,USD,calipaks-store,98.5,1442,US,,,0,155,9355,Cell Phones & Smartphones,2,14
v1|277170878993|0,Apple iPhone 15 Plus 128GB Green Verizon Excellent Condition,Used,3000,479.99,USD,itsworthmore,98.7,95499,US,,,0,38,9355,Cell Phones & Smartphones,24,15
v1|256914267197|557478162580,Apple iPhone 14 | 14 Plus - 128GB | 256GB | 512GB Unlocked T-Mobile AT&T - Good,Good - Refurbished,2030,296.96,USD,uki-mobile,99,4005,US,329.95,10,0,72,9355,Cell Phones & Smartphones,2,14
v1|225871736539|524962931087,Apple iPhone 14 128GB 256GB 512GB (AT&T) All Colors,Used,3000,249.97,USD,networkstore,96.2,5416,US,,,0,770,9355,Cell Phones & Smartphones,6,14
v1|315241167814|613711365001,MAGIC JOHN Privacy Glass Screen Protector For iPhone 16 15 14 13 12 11Pro Max XR,New,1000,19.94,USD,magic*john*officia,98.2,4169,US,20.99,5,0,477,58540,Screen Protectors,1,16
v1|388693432252|0,iPhone 15,New,1000,625.1,USD,ani-8694,0,0,US,,,,2,9355,Cell Phones & Smartphones,1,15
v1|286346792912|0,Apple iPhone 15 Plus - Unlocked 128GB Black - Excellent Condition,Used,3000,650,USD,gadgetgone,99.2,23822,US,,,0,142,9355,Cell Phones & Smartphones,6,15
v1|226595845374|525771883679,Apple iPhone 14 Pro ‚ú® 512GB 6GB RAM All Colors (Unlocked) 6.1''  - Excellent,Used,3000,618.99,USD,learbre,99,9528,US,,,0,149,9355,Cell Phones & Smartphones,2,14
v1|186586473024|0,Apple iPhone 15 Plus A2847 AT&T Only 128GB Pink Very Good,Very Good - Refurbished,2020,429.99,USD,yywirelesss,98,152818,US,,,0,353,9355,Cell Phones & Smartphones,58,15
v1|187002827176|0,Apple iPhone 16 A3081 Xfinity Only 128GB Ultramarine Good,Good - Refurbished,2030,539.99,USD,yywirelesss,98,152818,US,,0,0,133,9355,Cell Phones & Smartphones,58,16
v1|376397436019|0,Apple iPhone 14 Pro Max - 512 GB - Deep Purple (Unlocked),Used,3000,650,USD,marjanecla_77,0,0,US,,,,1,9355,Cell Phones & Smartphones,1,14
v1|277230873465|2560423626307,UNLOCKED Apple iPhone 14 Pro 1TB Smartphone - All Colors - Grade A,Used,3000,663.99,USD,havearly,98.7,11967,US,,,0,18,9355,Cell Phones & Smartphones,3,14
v1|356783833707|0,"Apple iPhone 14 Plus 6.7"" Unlocked w/128GB (Starlight) A2632 - w/1 Year Warranty",Very Good - Refurbished,2020,424,USD,tekdeals,98.9,39841,US,,,0,87,9355,Cell Phones & Smartphones,8,14
v1|365499137316|635307868924,apple iPhone 14 Verizon AT&T T-Mobile GSM Factory Fully Unlocked Phone 5G crk,For parts or not working,7000,179.99,USD,best_deal_today,99.3,278966,US,,,0,101,9355,Cell Phones & Smartphones,1,14
v1|296836482717|0,iPhone 15 512GB Black AT&T Unlocked - GOOD - 1yr Warranty,Good - Refurbished,2030,547.91,USD,techmint_store,98.4,1765,US,,,0,230,9355,Cell Phones & Smartphones,1,15
v1|285598123369|587581339009,Apple iPhone 14 Pro Max 256GB Unlocked Very Good Condition - All Colors,Very Good - Refurbished,2020,669.99,USD,itsworthmore,98.7,95499,US,,,0,582,9355,Cell Phones & Smartphones,24,14
v1|187149100084|0,Apple iPhone 16 A3081 Spectrum Only 128GB Ultramarine C,Used,3000,519.99,USD,yywirelesss,98,152818,US,,,0,86,9355,Cell Phones & Smartphones,58,16
v1|187002828862|0,Apple iPhone 16 Pro A3083 Verizon Only 128GB White Titanium Very Good,Very Good - Refurbished,2020,734.99,USD,yywirelesss,98,152818,US,,,0,133,9355,Cell Phones & Smartphones,58,16
v1|256634701595|0,Apple iPhone 14 Pro - 128 GB - Purple (AT&T),Used,3000,640,USD,mindythegreatlanders,0,8,US,,,0,304,9355,Cell Phones & Smartphones,1,14
v1|375943603123|0,Apple iPhone 14 Pro - 512 GB - Silver (Unlocked),Used,3000,759,USD,ykk-36,0,0,US,,,,170,9355,Cell Phones & Smartphones,1,14
v1|135112606820|0,Apple iPhone 14 - 128 GB - Black (AT&T) (Single SIM),Open box,1500,475,USD,font87835,0,10,US,,,,387,9355,Cell Phones & Smartphones,1,14
v1|356455336825|0,"Apple iPhone 14 Plus 6.7"" Unlocked w/256GB (Midnight) A2632 - w/1 Year Warranty",Very Good - Refurbished,2020,466,USD,tekdeals,98.9,39841,US,,,0,182,9355,Cell Phones & Smartphones,8,14
v1|226568433853|525746770305,Apple iPhone 15 Plus A2847 128GB Smartphone Fully Unlocked - Very Good,Very Good - Refurbished,2020,541,USD,loop-mobile,98.4,8782,US,,,0,165,9355,Cell Phones & Smartphones,4,15
v1|145838020592|0,Apple iPhone 14 - 128GB - Midnight Black 6.1'' (For T-Mobile) - Good,Used,3000,363.99,USD,teeerashop,98.8,6810,US,,,0,390,9355,Cell Phones & Smartphones,5,14
v1|357171115002|625942928926,"Apple iPhone 14 Pro Max-6GB RAM 128GB/256GB-(Factory Unlocked) 6.7"" 48MP 4323mAh",Used,3000,565.8,USD,cuisiting666-classic-phone,96.7,306,CN,,,3,17,9355,Cell Phones & Smartphones,6,14
v1|357241902579|625976336019,For iPhone 16 Pro Max Frosted Case [Mag Safe Magnetic] Rugged Shockproof Cover ,New,1000,12.34,USD,bentoben-casemall,98.2,161,US,12.99,5,0,5,9355,Cell Phones & Smartphones,2,16
v1|396735484046|665223035308,Apple iPhone 14 -128 GB - All Colors (Xfinity)-GRADE B- 90%+ Battery,Used,3000,320.32,USD,vespa_cellular,96.3,281,US,,,0,30,9355,Cell Phones & Smartphones,1,14
v1|355581158678|624709786572,3X Tempered Glass Screen Protector For iPhone 16 14 13 12 11 Pro Max X XS XR 8 7,New,1000,7.99,USD,finest.bazaar,91.7,4809,US,8.41,5,0,472,9355,Cell Phones & Smartphones,4,16
v1|365360231962|0,Apple iPhone 14 - 128 GB - Black (Unlocked),Used,3000,800,USD,freu_94,0,0,US,,,0,169,9355,Cell Phones & Smartphones,1,14
v1|177159824800|0,Apple iPhone 16 A3081 Argon Only 128GB Black Good,Good - Refurbished,2030,529.99,USD,yywirelesss,98,152818,US,,,0,36,9355,Cell Phones & Smartphones,58,16
v1|197278051840|0,Apple iPhone 16 A3081 Verizon Only 128GB Ultramarine C,Used,3000,519.99,USD,yywirelesss,98,152818,US,,,0,70,9355,Cell Phones & Smartphones,58,16
v1|355974848984|0,"Apple iPhone 14 Plus 6.7"" Unlocked 128GB (Purple) A2632 - w/1 Year Warranty",Very Good - Refurbished,2020,419,USD,tekdeals,98.9,39841,US,532,21,0,324,9355,Cell Phones & Smartphones,8,14
v1|276861965223|2560285202449,Apple iPhone 14  128GB ( T-Mobile ) All Color Smartphone - Grade B+ Good,Used,3000,362.99,USD,havearly,98.7,11967,US,,,0,150,9355,Cell Phones & Smartphones,3,14
v1|177094427708|0,Apple iPhone 16 A3081 US Cellular Only 128GB Teal Good,Good - Refurbished,2030,539.99,USD,yywirelesss,98,152818,US,,,0,58,9355,Cell Phones & Smartphones,58,16
v1|355581158678|624709786572,3X Tempered Glass Screen Protector For iPhone 16 14 13 12 11 Pro Max X XS XR 8 7,New,1000,7.99,USD,finest.bazaar,91.7,4809,US,8.41,5,0,472,9355,Cell Phones & Smartphones,4,16
v1|286173598156|0,Apple iPhone 15 | Unlocked | 256 GB | Black,Used,3000,703.12,USD,hotdigital-international,98.8,26291,US,1758,60,0,233,9355,Cell Phones & Smartphones,1,15
v1|187121494541|0,Verizon Apple iPhone 16 Pro - 128GB - Desert Titanium - MYMC3LL/A,Excellent - Refurbished,2010,759.99,USD,r3newtech,99.6,22977,US,799.99,5,0,96,9355,Cell Phones & Smartphones,3,16
v1|187190839067|0,Apple iPhone 16 Pro A3083 US Cellular Only 128GB Black Titanium Good,Good - Refurbished,2030,694.99,USD,yywirelesss,98,152818,US,,,0,70,9355,Cell Phones & Smartphones,58,16
v1|375938046305|0,"Apple iPhone 14 Plus 6.7"" Unlocked 128GB (Midnight) A2632 - w/1 Year Warranty",Very Good - Refurbished,2020,419,USD,tekdeals,98.9,39841,US,,,0,172,9355,Cell Phones & Smartphones,8,14
v1|405881236266|0,For iPhone 16 Pro Max Case with Heavy Duty Shockproof Protective Cover Kickstand,New,1000,33.05,USD,rolex_store,97.7,127,US,,,0,53,9355,Cell Phones & Smartphones,1,16
v1|177062330353|0,Apple iPhone 16 A3081 Xfinity Only 128GB Pink Excellent,Excellent - Refurbished,2010,529.99,USD,yywirelesss,98,152818,US,,,0,70,9355,Cell Phones & Smartphones,58,16
v1|187129798552|0,Apple iPhone 16 A3081 Xfinity Only 256GB Ultramarine Very Good,Very Good - Refurbished,2020,609.99,USD,yywirelesss,98,152818,US,,,0,92,9355,Cell Phones & Smartphones,58,16
v1|376177571746|0,"Apple iPhone 14 Plus 6.7"" Unlocked 128GB A2632 - (Midnight) w/1 Year Warranty",Very Good - Refurbished,2020,432,USD,tekdeals,98.9,39841,US,,,0,85,9355,Cell Phones & Smartphones,8,14
v1|146520405856|0,"Apple iPhone 14 Plus 6.7"" Unlocked w/128GB (Purple) - A2632 w/1 Year Warranty",Excellent - Refurbished,2010,428,USD,tekdeals,98.9,39841,US,,,0,87,9355,Cell Phones & Smartphones,8,14
v1|406004727819|0,For iPhone 16 Pro Max Case w/ Shockproof Thin Resists Yellowing Protection Cover,New,1000,25.93,USD,actus_corp,99.2,358,US,,,0,14,9355,Cell Phones & Smartphones,2,16
v1|167491677111|0,Apple iPhone 16 Plus 128GB (Nano Dual SIM) Hong Kong A3291 Unlocked - Pink,New,1000,1385,USD,moderntek,98.2,1391,US,,,0,70,9355,Cell Phones & Smartphones,3,16
v1|226557962239|525735799623,Apple iPhone 15 Plus 128GB 256GB 512GB (Cricket) Black Blue Green Pink Yellow,Used,3000,529.97,USD,networkstore,96.2,5416,US,,,0,598,9355,Cell Phones & Smartphones,6,15
v1|236154207560|536705195585,Good Apple iPhone 14 -128 GB/256 GB - (Unlocked) with face ID Free Shipping,Used,3000,345,USD,mouba242,100,80,CN,,,3,25,9355,Cell Phones & Smartphones,11,14
v1|286233974198|0,Apple - iPhone 15 Plus - Unlocked - Black - 128GB - Very Good,Very Good - Refurbished,2020,565,USD,buybackboss,98.8,21466,US,,,0,197,9355,Cell Phones & Smartphones,8,15
v1|176883635877|0,Apple iPhone 16 A3081 Verizon Only 128GB Pink Good,Good - Refurbished,2030,564.99,USD,yywirelesss,98,152818,US,,,0,133,9355,Cell Phones & Smartphones,58,16