position,title,asin,is_prime,rating,ratings_total,sponsored,coupon,lego_theme,age_rec,recent_sales_num,price_value,price_list_price,price_name,stock_info,has_coupon,top_theme,discount$,discount%
1,LEGO Bluey: Bluey’s Family House - Toddler Toy for 4 Year Old Boys and Girls - House Playset Includes Bluey and 5 Popular Characters - Great Birthday Gift Idea for Preschoolers - 11203,B0DRW8L7HY,False,4.7,51.0,True,,Bluey,None,2000.0,69.99,,,None,False,True,0.0,0.0
2,"LEGO ǀ Disney Princess Beauty and The Beast Castle Building Set - Room Decor for Women and Men, Ages 18+ - Model Building Kit for Adults - Book Shelf Display - DIY Gift Idea - 43263",B0DRW654DB,False,5.0,2.0,True,,Disney,18.0,,279.99,,,None,False,True,0.0,0.0
3,"LEGO Star Wars: The Phantom Menace Battle Droid with STAP - Building & Learning Toy for Boys & Girls, Ages 12+ - Star Wars Toy & Model Kit - Gift Idea for Kids - 75428",B0DRW6VY43,False,4.2,11.0,True,,Star Wars,12.0,700.0,139.99,,,None,False,True,0.0,0.0
4,"LEGO Harry Potter Book Nook: Hogwarts Express - Kids Toy - DIY Kit and Pretend Play Building Set for Boys and Girls, 10+ - Includes Collectible Harry and Ron Minifigures - Birthday Gift Idea - 76450",B0DRW7WRX3,False,4.8,26.0,True,,Harry Potter,None,1000.0,99.99,,,None,False,True,0.0,0.0
5,"LEGO Icons Boutique Hotel Model Kits - Bedroom or Office Decor for Men & Women, Ages 18+ - Building Blocks for Adults for Display - Gift Idea - 10297",B09JKXSQWG,False,4.8,441.0,False,,Other,18.0,10000.0,213.96,229.99,Primary,None,False,False,16.03,0.07
6,"LEGO Classic Large Creative Brick Box 10698 Building Toy Set, Toy Storage Solution for Home or Classrooms, Interactive Building Toy for Kids, Boys, and Girls",B00NHQF6MG,False,4.8,29574.0,False,,Classic,None,20000.0,25.59,59.99,Primary,None,False,True,34.4,0.57
7,"(2 Packs) Wall Mounts for LEGO 10327 Icons Dune Atreides Royal Ornithopter, 10300 Time Machine, for Helmet, Head, Mask sets, Plane Building Block kits etc. Adjustable angle brackets, wall mounts only.",B0F3X885RJ,False,4.7,11.0,False,"{'badge_text': 'Save 15%', 'text': 'with coupon'}",Other,None,,33.98,,,None,True,False,0.0,0.0
8,"LEGO Harry Potter Hogwarts Castle and Grounds 76419 Building Set, Gift Idea for Adults, Buildable Display Model, Collectible Harry Potter Playset, Recreate Iconic Scenes from The Wizarding World",B0BXQ6NRRN,False,4.8,1627.0,False,,Harry Potter,None,2000.0,144.99,169.99,Primary,None,False,True,25.0,0.15
9,"LEGO Architecture New York City Model Kit - Bedroom or Office Decor for Kids & Adults, Ages 12+ - Building Blocks to Display - NYC Gift & Souvenir Ideas - 21028",B017B19DOY,False,4.8,7485.0,False,,Architecture,12.0,6000.0,35.99,59.99,Primary,None,False,True,24.0,0.4
10,"LEGO Speed Champions Oracle Red Bull Racing RB20 F1 Race Car Model Kits - Building Set for Adults, Ages 18+ with Realistic Features - Red Bull F1 DIY Crafts for Display - Gift Idea for F1 Fans - 77243",B0DHLFGNMM,False,4.9,508.0,False,,Speed Champions,18.0,5000.0,25.64,26.99,Primary,None,False,True,1.35,0.05
11,"LEGO Super Mario Piranha Plant, Build and Display Super Mario Brothers Collectible for Adults and Teens, Authentically Detailed Posable Figure, Birthday Gift for Gamers and Super Mario Fans, 71426",B0BXQ3M8JH,False,4.9,1762.0,False,,Other,None,3000.0,47.99,59.99,Primary,None,False,False,12.0,0.2
12,"LEGO Technic Oracle Red Bull Racing RB20 F1 Race Car Model Kit - Building Set for Adults, Ages 18+ with Realistic Features - Gift for Groom, Groomsmen - 42206",B0DJ1BZD97,False,4.8,28.0,False,,Technic,18.0,700.0,229.95,,,None,False,True,0.0,0.0
13,"LEGO NINJAGO The Guardian Dragon - Model Building Kit from Legends Monstrosity Series - Room Decor for Teens - Includes Master Wu Minifigure - Gift for Teenage Boys, Girls, and Fans, Ages 14+ - 71847",B0DRW7NG1L,False,4.7,22.0,False,,NINJAGO,14.0,700.0,149.99,,,None,False,True,0.0,0.0
14,LEGO Architecture London Skyline Collection 21034 Building Set Model Kit and Gift for Kids and Adults (468 pieces),B01KJENN0U,False,4.8,13187.0,False,,Architecture,None,4000.0,25.59,39.99,Primary,None,False,True,14.4,0.36
15,"LEGO Star Wars R2-D2 Building Toy Set - Play or Display Star Wars Toy for Boys & Girls, Ages 10+ - Gift Ideas for Kids & Fans - Includes 25th Anniversary Darth Malak Minifigure - 75379",B0CGY22J6Y,False,4.9,1137.0,False,,Star Wars,10.0,7000.0,79.99,99.99,Primary,None,False,True,20.0,0.2
16,"LEGO Star Wars R2-D2 Building Set - Collectible 3D Puzzle for Adults, Ages 18+ - Display for Room or Office Desk - Info Plaque Included - Gift Idea for Fans - 75308",B08STSYGLS,False,4.8,3067.0,False,,Star Wars,18.0,1000.0,229.95,,,None,False,True,0.0,0.0
17,"LEGO Classic Medium Creative Brick Box 10696 Building Toy Set - Featuring Storage, Includes Train, Car, and a Tiger Figure, and Playset for Kids, Boys, and Girls Ages 4-99",B00NHQFA1I,False,4.8,52779.0,False,,Classic,4.0,20000.0,15.29,34.99,Primary,None,False,True,19.7,0.56
22,"LEGO Icons The Lord of The Rings: Balrog Book Nook Kit - DIY Craft Building Set for Adults, 18+ - Collectible Gandalf Minifigure - Gift Idea for Birthdays - Home or Room Decor - 10367",B0DRW56MKL,False,4.8,27.0,False,,Other,None,1000.0,129.99,,,None,False,False,0.0,0.0
23,"LEGO Technic NASA Apollo Lunar Roving Vehicle LRV Building Set - Collectible Set for Adults, Ages 18+ - Model Kit of Space Rover W/Authentic Details - Gift for Men & Women - 42182",B0CRWHZ2XG,False,4.8,61.0,False,,Technic,18.0,2000.0,219.95,,,None,False,True,0.0,0.0
24,"LEGO Botanicals Tiny Plants - Artificial, Fake Indoor Plant Building Set for Home, Kitchen, Desk Decoration, Adults Ages 18+ - Gift for Graduation - 10329",B0CDCL6Y5T,False,4.9,4545.0,False,,Botanicals,18.0,6000.0,39.99,49.99,Primary,None,False,True,10.0,0.2
25,"LEGO Star Wars Millennium Falcon A New Hope 25th Anniversary Collectable Model - DIY Building Sets for Adults, Men & Women, Ages 18+ - Comes with Display Stand - Star Wars Gift - 75375",B0CGY3ZB24,False,4.9,1357.0,False,,Star Wars,18.0,7000.0,67.98,84.99,Primary,None,False,True,17.01,0.2
28,"WOOD CITY Building Baseplate Table for Lego, Building Tray Board with Storage and Classify, Activity Sensory Platform Table for Adults Children and Seniors with Lazy Susan",B0DRFD6GYQ,False,5.0,2.0,True,"{'badge_text': 'Save 20%', 'text': 'with coupon'}",City,None,,109.99,,,None,True,True,0.0,0.0
30,"LEGO Botanicals Mini Orchid Building Set - Artificial, Fake Orchid for Home Decor, Adults Ages 18+ - Gift for Graduation- Indoor Plant Decorations for Table, Desk, Office - 10343",B0DJ19VGDD,False,4.9,1500.0,False,,Botanicals,18.0,10000.0,23.98,29.99,Primary,None,False,True,6.01,0.2
31,"LEGO Technic Emirates Team New Zealand AC75 Model Kit - Building Set for Adults, Ages 18+ - Gift for Men & Women - 42174",B0CV2CZ4JS,False,4.8,147.0,False,,Technic,18.0,2000.0,79.98,119.99,Primary,None,False,True,40.01,0.33
32,"LEGO Botanicals Happy Plants Building Toys - Bedroom or Dorm Room Decor for Girls, Boys, & Adults, Desk or Shelf Display - Birthday Gift Ideas for Kids, Ages 9+ - 10349",B0DRW6C2RF,False,4.9,174.0,False,,Botanicals,9.0,20000.0,22.95,,,None,False,True,0.0,0.0
33,"LEGO Disney Stitch Toy Building Kit, Disney Toy for 9 Year Old Kids, Buildable Figure with Ice Cream Cone, Fun Disney Gift for Girls, Boys and Lovers of The Hit Movie Lilo and Stitch, 43249",B0CGY26D8G,False,4.9,2199.0,False,,Disney,None,7000.0,51.99,64.99,Primary,None,False,True,13.0,0.2
34,"LEGO Technic Koenigsegg Jesko Absolut Grey Hypercar, Sports Car Building Toy Set for Boys and Girls, Vehicle Racing Car for Kids, Buildable Model Kit, Sports Car Toy, Motor Enthusiasts’ Gift, 42173",B0CV2FLSXB,False,4.8,832.0,False,,Technic,None,5000.0,39.99,49.99,Primary,None,False,True,10.0,0.2
35,"LEGO Creator 3 in 1 Flatbed Truck with Helicopter Toy, Transforms from Flatbed Truck Toy to Propeller Plane to Hot Rod and SUV Car Toys, Gift Idea for Boys and Girls Ages 7 Years Old and Up, 31146",B0CGY4J7QT,False,4.8,3167.0,False,,Creator,7.0,10000.0,19.99,,,None,False,True,0.0,0.0
36,LEGO Main Street at Christmas 10308,B0BHJGQ9VB,False,4.7,128.0,False,,Other,None,,133.73,149.99,Primary,None,False,False,16.26,0.11
37,"LEGO Technic Planet Earth and Moon in Orbit Building Set, Outer Space Birthday Gift for 10 Year Olds, Solar System Space Toy for Imaginative, Independent Play, Space Room Décor for Boys & Girls, 42179",B0CGY3ZB29,False,4.8,1010.0,False,,Technic,None,3000.0,59.99,74.99,Primary,None,False,True,15.0,0.2
43,"LEGO Speed Champions Mercedes-AMG G 63 & Mercedes-AMG SL 63 F1 Toy Car, Formula 1 Vehicle Set for Kids, 2 Building Sets with 2 Driver Minifigures, Convertible Toy Car Gift for Boys and Girls, 76924",B0CV2HGNY9,False,4.8,902.0,False,,Speed Champions,None,5000.0,35.99,44.99,Primary,None,False,True,9.0,0.2
44,"LEGO Christmas Tree - Building Toys for Kids, Boys & Girls, Ages 12+ - Mini Christmas Tree Decorations for Tabletop & Home - Gifts for Boys & Girls - 40573",B0BH1NP1TL,False,4.8,1669.0,False,,Other,12.0,1000.0,29.99,44.99,Primary,None,False,False,15.0,0.33
45,"LEGO Botanicals Lucky Bamboo Building Set - Artificial Plant for Indoor Home Décor, Adults Ages 18+ - Fake Plant Decoration for Table, Desk, Office - Gift for Graduation - 10344",B0DJ18ZWYQ,False,4.9,1210.0,False,,Botanicals,18.0,10000.0,23.98,29.99,Primary,None,False,True,6.01,0.2
46,"LEGO Technic Porsche 911 RSR Race Car Model Building Kit 42096, Advanced Replica, Exclusive Collectible Set, Gift for Kids, Boys & Girls",B07GZ5FP5R,False,4.7,4943.0,False,,Technic,None,1000.0,169.13,179.99,Primary,None,False,True,10.86,0.06
47,LEGO Botanicals Chrysanthemum Building Set for Adults Ages 18+ - Artificial Flower for Dinner Table Centerpieces & Decoration - Gift for Graduation - 10368,B0CV2KSL3V,False,4.9,2202.0,False,,Botanicals,18.0,7000.0,23.98,29.99,Primary,None,False,True,6.01,0.2
48,"LEGO Star Wars: Revenge of The Sith ARC-170 Starfighter Spaceship Building Toy - Kids Star Wars Toy for Boys and Girls, Ages 9+ - Gift Idea for Birthdays - 75402",B0DJ1BH4NX,False,4.8,274.0,False,,Star Wars,9.0,5000.0,55.95,69.99,Primary,None,False,True,14.04,0.2
49,"LEGO Technic Lamborghini Huracán Tecnica Orange Toy Cars - Building Toys for Kids, Boys & Girls, Ages 9+ - Lamborghini Toy Car W/ V10 Engine & Steering - Gift Ideas for Birthdays - 42196",B0CPQ54PQ5,False,4.9,562.0,False,,Technic,9.0,10000.0,49.99,,,None,False,True,0.0,0.0
50,"LEGO Creator 3 in 1 Magical Unicorn Toy, Transforms from Unicorn to Seahorse to Peacock, Rainbow Animal Figures, Unicorn Gift for Grandchildren, Girls and Boys, Buildable Toys, 31140",B0BLJ4SVWV,False,4.8,5701.0,False,,Creator,None,10000.0,7.99,9.99,Primary,None,False,True,2.0,0.2
51,"LEGO Ideas The Insect Collection, Fun Gift for Nature Lovers, with Life-Size Blue Morpho Butterfly, Hercules Beetle and Chinese Mantis Display Models, Bug Building Set and Nature Décor, 21342",B0BXQ6MMZD,False,4.9,1674.0,False,,Ideas,None,2000.0,63.99,79.99,Primary,None,False,True,16.0,0.2
52,"LEGO City Fire Rescue Plane Toy - Building Blocks Playset for Boys & Girls, Ages 6+ - Pretend Play for Role Play for Kids - Gift for Birthdays - 60413",B0CGY27PSS,False,4.9,528.0,False,,City,6.0,10000.0,54.95,,,None,False,True,0.0,0.0
53,"LEGO Creator 3 in 1 Retro Camera Toy, Transforms from Toy Camera to Retro Video Camera to Retro TV Set, Photography Gift for Boys and Girls Ages 8 Years Old and Up Who Enjoy Creative Play, 31147",B0CGY3FHDR,False,4.9,2869.0,False,,Creator,8.0,5000.0,15.99,19.99,Primary,None,False,True,4.0,0.2
54,"LEGO City Blue Monster Truck Off-Road Toy Playset with a Driver Minifigure, Imaginative Toys for Kids, Fun Gift for Boys and Girls Aged 5 Plus, Mini Monster Truck, 60402",B0CGYN1GJ5,False,4.8,1535.0,False,,City,5.0,10000.0,9.19,15.99,Primary,None,False,True,6.8,0.43
60,"LEGO Harry Potter Hogwarts Express & Hogsmeade Station Building Toy - Pretend Play and Display Decor for Boys & Girls, Ages 8+ - Gift Idea for Birthdays - 76423",B0BSRG79SZ,False,4.8,594.0,False,,Harry Potter,8.0,1000.0,85.59,129.99,Primary,None,False,True,44.4,0.34
61,"LEGO Wednesday Addams Figure - Building Toy for Kids, Girls & Boys, Ages 10+ - Collectible Wednesday Addams Doll with Display for Fans - Gift Idea for Birthday - 76780",B0CYM35YWG,False,4.8,161.0,False,,Other,10.0,2000.0,21.69,49.99,Primary,None,False,False,28.3,0.57
62,"LEGO Ideas Disney Pixar Luxo Jr. - Room Decor and Building Set for Adults - Office and Desk Decor for Women and Men, Ages 18+ - Brick-Built Lamp DIY Kit - Collectible Gift Idea for Movie Fans - 21357",B0DRW73TRY,False,4.9,105.0,False,,Disney,18.0,4000.0,69.95,,,None,False,True,0.0,0.0
64,LEGO Icons 40681 - Retro Food Truck,B0CRH2ZDS6,False,4.9,83.0,False,,Other,None,100.0,49.99,,,None,False,False,0.0,0.0
65,LEGO Star Wars BrickHeadz The Phantom Menace 40676,B0D386HWT9,False,5.0,69.0,False,,Star Wars,None,4000.0,49.99,54.99,Primary,None,False,True,5.0,0.09
67,"LEGO Marvel Iron Man Mech vs. Ultron Building Toy Set - Iron Man Toy for Kids, Boys and Girls, Ages 6+ - Buildable Action Figure - Superhero Gift for Birthday - 76307",B0DJ1C3J2B,False,4.8,248.0,False,,Marvel,6.0,4000.0,10.19,14.99,Primary,None,False,True,4.8,0.32
69,"LEGO City Construction Excavator Toy - Building Toys for Boys & Girls, Ages 8+ - Functional Kids Construction Truck W/Minifigures - Gifts for Birthdays & Holidays - 60420",B0CV298XQM,False,4.8,329.0,False,,City,8.0,2000.0,44.84,54.99,Primary,None,False,True,10.15,0.18
70,Klutz Lego Gravity Drop Activity Kit,1339019124,False,4.5,72.0,False,,Other,None,600.0,28.95,,,None,False,False,0.0,0.0
1,The LEGO Movie,B00IDI8KLC,False,4.7,25561.0,False,,Other,None,,14.99,,Prime Video,None,False,False,0.0,0.0
2,"LEGO Creator 3 in 1 Exotic Parrot Building Toy Set, Transforms to 3 Different Animal Figures - from Colorful Parrot, to Swimming Fish, to Cute Frog, Creative Toys for Kids Ages 7 and Up, 31136",B0BLJ3LHCH,False,4.8,6285.0,False,,Creator,7.0,8000.0,15.98,19.99,Primary,None,False,True,4.01,0.2
3,"LEGO Speed Champions Lamborghini Lambo V12 Vision GT Super Car, Formula 1 Vehicle Toy, Driving Playset, Buildable Model Set for Kids, Lamborghini Car, Gift for Kids and Gaming Fans, F1 Toy Car, 76923",B0CV2FMGGB,False,4.7,946.0,False,,Speed Champions,None,6000.0,21.55,26.99,Primary,None,False,True,5.44,0.2
4,"LEGO City Yellow Construction Wheel Loader Building Sensory Toy - Construction Vehicle Toy for Toddlers, Boys and Girls, Ages 4+ - Educational, Learning Gift Idea for Preschoolers - 60450",B0DJ19L2ZW,False,4.9,203.0,False,,City,4.0,5000.0,9.39,14.99,Primary,None,False,True,5.6,0.37
5,"LEGO Minecraft The Illager Desert Patrol Toy Figures and Playset - Building Minecraft Toy for Kids, Boys and Girls, Ages 7+ - with 4 Figures for Pretend Play - Gift Idea for Birthdays - 21267",B0DJ1748F2,False,4.9,604.0,False,,Other,7.0,10000.0,9.59,14.99,Primary,None,False,False,5.4,0.36
7,"LEGO Sunflowers Building Toy for Kids, Girls and Boys Ages 8+ - Artificial Sunflowers for Home Decor and Display - Birthday Gift Idea for Lovers of Plants & Flowers - 40524",B09PJ8ZZ1G,False,4.8,7924.0,False,,Art,8.0,10000.0,7.94,14.99,Primary,None,False,True,7.05,0.47
8,"LEGO Technic Off-Road Race Buggy Buildable Car Toy, Cool Toy for 8 Year Old Boys, Girls and Kids who Love Rally Contests, Race Car Toy Featuring Moving 4-Cylinder Engine and Working Suspension, 42164",B0CGY2KWTB,False,4.8,1170.0,False,,Technic,None,5000.0,15.99,19.99,Primary,None,False,True,4.0,0.2
12,"LEGO City F1 Driver with McLaren Race Car Toy - Model Car Building Toy Kit for Kids, Boys and Girls, Ages 6+ - F1 Collectible for Fans - with a Driver Minifigure - Gift Idea for Birthdays - 60442",B0DJ18HW8R,False,4.9,275.0,False,,City,6.0,5000.0,7.98,12.99,Primary,None,False,True,5.01,0.39
13,"LEGO City No Limits: Race Car Ramp Track Toy - Building Toy for Kids, Boys and Girls, Ages 6+ - Soap Box Car Ramp for Racing with 2 Cars, 4 Minifigures, and Buildable Ramp - Gift Idea - 60460",B0DJ1BDRV5,False,4.8,101.0,False,,City,6.0,3000.0,39.99,49.99,Primary,None,False,True,10.0,0.2
14,"LEGO Daffodils - Building Toy for Kids, Girls and Boys, Ages 8+ - Birthday Gift for Kids - Artificial Daffodil for Bedroom Decor and Display - 40747",B0CGYRH1JG,False,4.8,1719.0,False,,Art,8.0,5000.0,7.89,14.99,Primary,None,False,True,7.1,0.47
15,"LEGO Fortnite Durrr Burger Building Set - Kids Toy for Gamers, Ages 9+ - Display Model, Collectible Fortnite Toy - Gift for Boys & Girls - 77070",B0DF842F5D,False,4.9,456.0,False,,Other,9.0,6000.0,11.04,14.99,Primary,None,False,False,3.95,0.26
16,"LEGO Icons Bonsai Tree Building Set - Artificial Bonsai Tree Plants for Home Decor, Adults Ages 18+ - Faux, Fake Plants for Table, Desk, Office - Birthday Gift for Men & Women - 10281",B08HVXZW8X,False,4.9,23285.0,False,,Art,18.0,5000.0,39.98,49.99,Primary,None,False,True,10.01,0.2
17,"LEGO Disney Princess Market Adventure Building Toy Set - Pretend Play Disney Toy Figures & Playsets for Girls & Boys, Ages 6+ - Disney Gifts for Kids, Birthdays, Events - 43246",B0CGY3F92X,False,5.0,79.0,False,,Disney,6.0,2000.0,99.95,,,None,False,True,0.0,0.0
22,"LEGO Creator 3 in 1 Playful Cat Toy - Building Toy with 3 Building Options, Cat, Dog, or Pigeon - Birthday Gift for Kids - Animal Figures for Kids, Girls and Boys, Ages 8+ - 31163",B0DJ19581W,False,4.9,487.0,False,,Creator,8.0,7000.0,19.99,24.99,Primary,None,False,True,5.0,0.2
24,"LEGO Jurassic World Dinosaur Fossils: T. rex Skull, Dino Toy for Boys and Girls, Educational Skeleton Model Set with Bones for Kids, Great Gift for Fans of The Jurassic Park Movies, 76964",B0CGY4XXW3,False,4.8,858.0,False,,Other,None,2000.0,31.99,39.99,Primary,None,False,False,8.0,0.2
26,"LEGO NINJAGO Young Dragon Riyu Playset with 3 Ninja Minifigures for Independent Play, Buildable Ninja Toy Model and Adventure Set for Kids, Ninja Gift for 6 Year Old Boys and Girls, 71810",B0CGY4CT7C,False,4.9,648.0,False,,NINJAGO,None,2000.0,10.39,15.99,Primary,None,False,True,5.6,0.35
28,"LEGO Star Wars: The Clone Wars Ahsoka's Jedi Interceptor Spaceship Building Toy - Kids Star Wars Toy for Boys and Girls, Ages 8+ - Gift Idea for Birthdays - 75401",B0DJ192W5G,False,4.7,348.0,False,,Star Wars,8.0,7000.0,35.95,44.99,Primary,None,False,True,9.04,0.2
29,"LEGO Lotus Flower - Building Toy for Kids, Girls & Boys, Ages 8+ - Artificial Lotus Flowers for Home Decor & Display - Creative Gift Idea for Her & Him - 40647",B0BZT7H8CN,False,4.9,2634.0,False,,Art,8.0,5000.0,12.69,14.99,Primary,None,False,True,2.3,0.15
30,"LEGO Classic Creative Food Friends Building Toy Set - Pretend Play Food for Kids, Boys and Girls, Ages 4+ - Learning and Educational Toy for Preschool - Gift Idea for Birthdays - 11039",B0DJ19Z5KM,False,4.9,244.0,False,,Friends,4.0,4000.0,8.49,9.99,Primary,None,False,True,1.5,0.15
31,"LEGO Creator 3 in 1 Wild Animals: Pink Flamingo Animal Building Toy - Includes 3 Building Options, Pink Flamingo, Cockatoo, or Axolotl - Learning Toy for Kids, Girls, and Boys, Ages 8+ - 31170",B0DJ1B3Q5Q,False,4.9,403.0,False,,Creator,8.0,7000.0,23.74,24.99,Primary,None,False,True,1.25,0.05
32,"LEGO City Off-Road 4x4 Mountain Truck Toy - Building Toy Set for Kids, Boys and Girls, Ages 6+ - Fun Gift Idea for Birthdays and Holidays - with Adventurer Minifigure and Accessories - 60447",B0DJ1BH9T1,False,4.9,260.0,False,,City,6.0,4000.0,15.99,19.99,Primary,None,False,True,4.0,0.2
33,"LEGO Animal Crossing K.K.’s Concert in The Plaza Building Toys Set - Animal Crossing Toy Figures & Playsets for Kids, Girls & Boys, Ages 7+ - Pretend Play Birthday Gift - 77052",B0CV2F9R81,False,4.9,296.0,False,,Other,7.0,4000.0,34.81,79.99,Limited time deal,None,False,False,45.18,0.56
34,"LEGO Architecture Paris Model Building Set - Detailed Display Building Blocks for Kids, Boys and Girls, Ages 12+ - Gift for Travelers - 21044",B07GXC4R9R,False,4.8,10740.0,False,,Architecture,12.0,3000.0,39.99,49.99,Primary,None,False,True,10.0,0.2
37,"LEGO F1 Collectible Race Cars, 6 Pack - Building Set for Boys & Girls, Ages 6+ - Birthday Party Favor or Gift - Mystery Box W/Surprise F1 Car Toys - Travel Toys for Kids - 66796",B0DJ1CGPKN,False,4.7,219.0,False,,Art,6.0,7000.0,25.45,29.94,Primary,None,False,True,4.49,0.15
38,"LEGO Star Wars Clone Trooper & Battle Droid Battle Pack Set for Kids, Buildable Toy Speeder Bike Vehicle, Tri-Droid and Defensive Post, Collectible, Gift for Boys and Girls Aged 7 and Up, 75372",B0CGXZ79WH,False,4.8,2003.0,False,,Star Wars,7.0,7000.0,23.99,29.99,Primary,None,False,True,6.0,0.2
39,"LEGO Creator 3 in 1 Adorable Dogs Building Toy Set, Gift for Dog Lovers, Featuring Dachshund, Beagle, Pug, Poodle, Husky, and Labrador Figures for Kids 7 and Up, 31137",B0BLJ2918Z,False,4.8,2316.0,False,,Creator,None,3000.0,23.99,29.99,Primary,None,False,True,6.0,0.2
41,"LEGO Creator 3 in 1 Wild Animals Panda Family - Building Toy with 3 Building Options, Panda, Penguin, or Orca - Animal Figures for Kids, Girls and Boys, Ages 8+ - Gift Idea for Birthdays - 31165",B0DJ1B7BC1,False,4.8,313.0,False,,Creator,8.0,5000.0,33.99,39.99,Primary,None,False,True,6.0,0.15
43,"LEGO Minecraft The Armadillo Mine Expedition Toy Figures and Playset - Building Minecraft Toy for Kids, Boys and Girls, Ages 8+ - with Gaming Figures for Pretend Play - Gift Idea for Birthdays - 21269",B0DJ1BM44B,False,4.8,249.0,False,,Other,8.0,6000.0,23.99,29.99,Primary,None,False,False,6.0,0.2
45,"LEGO Technic Mercedes-AMG F1 W14 E Performance Pull-Back Car Toy, Vehicle Building Set for Boys and Girls, Mercedes Race Car Toy Model, Gift for Kids Ages 7 and Up, 42165",B0CGY1Q3YP,False,4.9,1775.0,False,,Technic,7.0,3000.0,21.55,26.99,Primary,None,False,True,5.44,0.2
5,"LEGO Creator 3 in 1 Space Shuttle Toys - Space Toys Building Set for Boys & Girls, Ages 6+ - Option to Build 2 Spaceships or Astronaut - Educational Gift for Kids Birthday & Holidays - 31134",B0BLJ4FDT4,False,4.8,6198.0,False,,Creator,6.0,8000.0,8.99,9.99,Primary,None,False,True,1.0,0.1
7,"LEGO Creator 3 in 1 Majestic Tiger Building Set, Transforms from Tiger to Panda or Koi Fish Set, Animal Figures, Collectible Building Toy, Gifts for Kids, Boys & Girls 9 Plus Years Old, 31129",B09FM57L7B,False,4.9,3060.0,False,,Creator,None,1000.0,39.99,49.99,Primary,None,False,True,10.0,0.2
10,"LEGO Creator 3 in 1 Red Dragon Toy, Transforms from Dragon Toy to Fish Toy to Phoenix Toy, Gift Idea for Boys and Girls Ages 6 and Up, Animal Toy Set for Kids, 31145",B0CGY9Q4ZW,False,4.8,1807.0,False,,Creator,6.0,3000.0,9.79,,,None,False,True,0.0,0.0
12,"Ideas Mechanical Skull Building Set for Adults, Horror Ghost Zombie Skeleton Head Toy Home Decor, Compatible with Lego, Creative Halloween Birthday Gift for Teens Boys Age 12+ (1099 PCS)",B0F4QTF5ZJ,False,5.0,2.0,True,,Ideas,12.0,50.0,34.99,39.99,Primary,None,False,True,5.0,0.13
13,"Acrylic Display Case for Lego Disney Tim Burton's The Nightmare Before Christmas, Dustproof Display Box Compatible with Lego 21351 (ONLY Box, NOT Model)",B0DHL4HR7Q,False,4.5,2.0,True,,Disney,None,,159.99,,,Only 7 left in stock - order soon.,False,True,0.0,0.0
17,"LEGO City Fire Rescue Boat Building Set - Floatable Boat Toy for Boys & Girls, Ages 5+ - Kids Pretend Play Toy for Preschool - Gift for Birthdays - 60373",B0BBWK83F2,False,4.8,901.0,False,,City,5.0,3000.0,25.99,29.99,Primary,None,False,True,4.0,0.13
18,"LEGO City Red Sports Car Toy - Building Toy for Kids, Boys and Girls, Ages 5+ - Educational Gift for Birthdays and Holidays - Includes Driver Minifigure and Other Accessories - 60448",B0DJ1BQF32,False,4.8,362.0,False,,City,5.0,3000.0,8.49,,,None,False,True,0.0,0.0
20,"Room Copenhagen LEGO Storage Brick 4 Desk Drawer, 4-Stud Stackable Tabletop Storage Box, 6.2 x 6.2 x 4.4 In, Red",B07Q87VGXS,False,4.6,544.0,True,,Other,None,100.0,24.99,,,None,False,False,0.0,0.0
23,"LEGO City 4x4 Off-Roader Adventures 60387 Building Toy - Camping Set Including Monster Truck Style Car with Working Suspension and Mountain Bikes, 2 Minifigures, Vehicle Toy for Kids Ages 6+",B0BBWHMTPH,False,4.8,2009.0,False,,City,6.0,2000.0,29.99,,,None,False,True,0.0,0.0
24,"LEGO City Holiday Adventure Camper Van Building Toy Set - Vacation Toy for Kids, Boys and Girls, Ages 6+ - Gift for Birthdays - Includes 3 Minifigures and Accessories - 60454",B0DJ19FVRD,False,4.8,190.0,False,,City,6.0,3000.0,25.99,29.99,Primary,None,False,True,4.0,0.13
26,"LEGO Botanicals Flower Arrangement Artificial Flowers Building Set - Wedding Decor for Table Display - Gift for Wedding, Bridesmaid - Unique Bouquet for Adults, Ages 18+ - 10345",B0DJ1C6VP4,False,4.6,31.0,False,,Botanicals,18.0,600.0,103.66,109.99,Primary,Only 3 left in stock - order soon.,False,True,6.33,0.06
30,"LEGO Minecraft The Nether Lava Battle Toy and Playset - Building Minecraft Toy for Kids, Ages 6+ - Alex, Wither Skeleton, Blaze and Strider Figures for Pretend Play - Gift Idea for Birthdays - 21266",B0DJ19R8H7,False,4.8,613.0,False,,Other,6.0,9000.0,8.99,9.99,Primary,None,False,False,1.0,0.1
35,"LEGO Friends Guinea Pig Playground - Building Toy Pretend Play Set for Kids, Girls and Boys, Ages 5+ - with 2 Minidolls and 2 Animal Toys - Gift Idea for Birthdays - 42640",B0DJ192C1F,False,4.8,204.0,False,,Friends,5.0,2000.0,9.99,,,None,False,True,0.0,0.0
37,"LEGO Sonic The Hedgehog : Sonic’s Campfire Clash, Collectible Gaming Toy for Kids and Video Game Fans, Fun Buildable Playset for Boys and Girls Aged 7 and Up 77001",B0DJ19BXLJ,False,4.8,354.0,False,,Other,7.0,2000.0,16.99,19.99,Primary,None,False,False,3.0,0.15
40,"LEGO Friends Adventure Camp Archery Range Toy, Archery Set for Kids with Toy Bow and Arrows, Adventure Building Playset for Girls and Boys Ages 6 Years and Up, 2 Mini Dolls and a Raccoon Figure, 42622",B0CRVWD4KM,False,4.9,234.0,False,,Friends,6.0,1000.0,9.59,14.99,Primary,None,False,True,5.4,0.36
41,"LEGO City Donut Truck Toy - Building Toy for Kids, Boys and Girls, Ages 5+ - Birthday Gift for Kids Mobile Donut Stand with 2 Minifigures and Other Accessories - 60452",B0DJ1BSFYJ,False,4.9,273.0,False,,City,5.0,2000.0,18.99,19.99,Primary,None,False,True,1.0,0.05
42,"LEGO Star Wars Ahsoka Tano’s T-6 Jedi Shuttle Spaceship Toy - Star Wars Building Toys Set for Kids, Boys & Girls, Ages 9+ - Birthday Gift for Fans - 4 Minifigures - 75362",B0BXQ64WP4,False,4.8,1433.0,False,,Star Wars,9.0,2000.0,61.99,79.99,Primary,None,False,True,18.0,0.23
43,"LEGO DUPLO Classic Cars and Trucks Brick Box Playset, Educational STEM Toy, Preschool Building Set for Toddlers Aged 18 Months Plus, Learning Toy to Develop Fine Motor Skills, 10439",B0CPQ6W357,False,4.9,352.0,False,,Classic,18.0,7000.0,49.99,,,None,False,True,0.0,0.0
45,"LEGO City Pizza vs. Fire Truck Race Car Pack Toy - Building Toy for Kids, Boys and Girls, Ages 5+ - Gift for Birthdays and Holidays - Includes Chef and Firefighter Minifigures - 60458",B0DJ1B6C1G,False,4.8,269.0,False,,City,5.0,4000.0,7.99,9.99,Primary,None,False,True,2.0,0.2
46,"LEGO Classic White Baseplate, Square 32x32 Stud Foundation to Build, Play, and Display Brick Creations, Great for Snowy and Winter Landscapes, 11026",B09JKVJCQZ,False,4.8,8252.0,False,,Classic,None,5000.0,4.95,7.99,Primary,None,False,True,3.04,0.38
47,"LEGO Friends Beach Water Scooter, Lifeguard Toy Building Set for Kids, Beach Toy Gift Idea for Girls and Boys Ages 5 Years and Up with 2 Mini Dolls and a Dolphin Toy Figure, 42623",B0CRVWHYSX,False,4.8,266.0,False,,Friends,5.0,900.0,9.97,,,None,False,True,0.0,0.0
49,"LEGO Friends Cotton Candy Stand and Scooter - Building Toy Pretend Play Set for Kids, Girls and Boys, Ages 6+ - with 2 Minidolls, Wheelable Food Cart and Accessories - Gift Idea for Birthday - 42643",B0DJ19BFCY,False,4.8,192.0,False,,Friends,6.0,3000.0,6.37,9.99,Primary,None,False,True,3.62,0.36
50,"LEGO Friends Mobile Bakery Food Cart Playset, Cooking Toy for Pretend Play, Small Gift for Kids, Girls and Boys Ages 6 and Up with Aliya and Jules Mini-Dolls, Aira Dog Figure and Food Toys, 42606",B0CGY3F43H,False,4.7,292.0,False,,Friends,6.0,1000.0,7.99,10.99,Primary,None,False,True,3.0,0.27
52,"LEGO Minecraft The Baby Pig House Toy Figures and Playset - Building Minecraft Toy for Kids, Boys and Girls, Ages 7+ - Gift for Birthdays - with 2 Minifigures for Pretend Play - 21268",B0DJ19VGDH,False,4.9,519.0,False,,Other,7.0,10000.0,15.99,19.99,Primary,None,False,False,4.0,0.2
53,"LEGO City Airplane vs. Hospital Bed Race Car Pack Toy - Building Toy for Kids, Boys and Girls, Ages 5+ - Gift for Birthdays and Holidays - Includes 2 Minifigures - 60459",B0DJ1896M4,False,4.8,261.0,False,,City,5.0,4000.0,6.79,9.99,Primary,None,False,True,3.2,0.32
56,"LEGO DUPLO Classic Brick Box Building Set - Features Storage Organizer, Toy Car, Number Bricks, Build, Learn, and Play, Great Gift Playset for Toddlers, Boys, and Girls Ages 18+ Months, 10913",B07WJJF8PB,False,4.9,11496.0,False,,Classic,18.0,6000.0,23.99,29.99,Primary,None,False,True,6.0,0.2
58,"LEGO Disney Princess Twirling Ariel Toy - Building Toy for Kids, Girls and Boys, Ages 5+ - Little Mermaid Toy for Fans of Movie - Ariel Doll Gift Idea for Birthdays - 43259",B0DJ19X85X,False,4.8,347.0,False,,Disney,5.0,6000.0,5.77,6.79,Primary,None,False,True,1.02,0.15
60,"LEGO Disney Moana's Island Fun Building Toy Playset - Princess Moana Toy for Kids, Girls and Boys, Ages 5+ - with 2 Disney Micro-Dolls and Pua Animal Figure - Gift Idea for Birthdays - 43260",B0DJ1BQJ5Y,False,4.9,171.0,False,,Disney,5.0,3000.0,15.99,19.99,Primary,None,False,True,4.0,0.2
1,"LEGO Disney Simba The Lion King Cub Buildable Disney Toy for Kids, Disney Collection, Lion King Movie Toy, Simba Toy Construction Playset Figure, Fun Gift for Girls and Boys Ages 6 and Up, 43243",B0CV2HH9HN,False,4.8,1077.0,False,,Disney,6.0,1000.0,18.18,19.99,Primary,None,False,True,1.81,0.09
3,"LEGO Creator 3 in 1 Retro Roller Skate Building Kit, Transforms from Roller Skate Toy to Mini Skateboard to Boom Box Radio, Birthday Gift for Skaters, Cool Toy for Boys and Girls Ages 8 and Up, 31148",B0CGYVLMRD,False,4.9,1515.0,False,,Creator,8.0,3000.0,23.99,29.99,Primary,None,False,True,6.0,0.2
6,"LEGO Marvel Spider-Man's Car and Doc Ock Building Set, Spidey and His Amazing Friends Buildable Toy for Kids 4 Plus Years Old with Glow in The Dark Pieces, 10789",B0BLJ521L9,False,4.8,3256.0,False,,Friends,None,5000.0,9.97,,,None,False,True,0.0,0.0
8,"LEGO Speed Champions BMW M4 GT3 & BMW M Hybrid V8 Race Cars, BMW Toy for Kids with 2 Buildable Models and 2 Driver Minifigures, Car Toy Birthday Gift Idea for Boys and Girls Ages 9 and Up, 76922",B0CGYTK43F,False,4.9,885.0,False,,Speed Champions,9.0,1000.0,35.99,44.99,Primary,None,False,True,9.0,0.2
13,"LEGO NINJAGO Kai’s Elemental Fire Mech Action Figure, Mini Ninja Toy for Kids with Customizable Red Ninja Figure Plus Kai and Zane Minifigures, Adventure Set for Boys and Girls Ages 7 and Up, 71808",B0CGY44HYD,False,4.8,881.0,False,,NINJAGO,7.0,2000.0,25.99,29.99,Primary,None,False,True,4.0,0.13
14,"LEGO Botanicals Mini Bonsai Trees Building Set - Artificial Bonsai Tree Building Blocks for Adults, 18+ - DIY Home and Office Decor for Men and Women - Gift for Adults - 10373",B0DRW8G3WK,False,0.0,0.0,False,,Botanicals,None,,64.99,,,None,False,True,0.0,0.0
20,"LEGO Friends Friendship Tree House Hangout - Building Toy Playset for Kids, Girls and Boys, Ages 8+ - Pretend Play Gift Idea for Birthdays - with 4 Minidolls and 2 Animal Figures - 42652",B0DJ1B5GGG,False,4.8,94.0,False,,Friends,8.0,2000.0,55.99,69.99,Primary,None,False,True,14.0,0.2
21,"LEGO City Go-Karts and Race Drivers Toy Playset, 2 Driver Minifigures, Racing Vehicle Car Toy, Fun Race Car Toy Gift for Kids Aged 5 and Up, 60400",B0CGXZP4T8,False,4.8,1424.0,False,,City,5.0,2000.0,8.49,9.99,Primary,None,False,True,1.5,0.15
22,"LEGO Minecraft The Fox Lodge House 21178 Animal Toys with Drowned Zombie Figure, Birthday Gift for Grandchildren, Kids, Boys and Girls Ages 8 and Up",B09FM5J4WL,False,4.8,9704.0,False,,Other,8.0,6000.0,18.99,19.99,Primary,None,False,False,1.0,0.05
23,"LEGO Bluey: Bluey’s Beach & Family Car Trip - Toddler Learning Toy for Kids 4+ - Includes Bluey, Bingo, and Mum Minifigures - Birthday Gift for Boys and Girls, Ages 4+ - 11202",B0DRW7Y7SV,False,4.9,65.0,False,,Bluey,4.0,4000.0,29.99,,,None,False,True,0.0,0.0
24,"LEGO Creator 3 in 1 Flowers in Watering Can Building Toy Set - Fun, Creative Activity for Kids, Girls and Boys, Ages 8+ - Options to Build Rain Boots or Birds - 31149",B0CGY55BW7,False,4.9,1692.0,False,,Creator,8.0,2000.0,23.99,29.99,Primary,None,False,True,6.0,0.2
26,"LEGO City Space Explorer Rover and Alien Life Toy, Space Gift for Boys and Girls Ages 6 and Up with 2 Minifigures, Robot and Extraterrestrial Figures, Pretend Play STEM Toy, 60431",B0CGY4Z6NM,False,4.9,461.0,False,,City,6.0,800.0,27.99,34.99,Primary,None,False,True,7.0,0.2
28,"LEGO Technic Heavy-Duty Bulldozer Building Set, Kids’ Construction Toy, Vehicle Gift for Boys and Girls Ages 7 and Up, 42163",B0CGY4R56V,False,4.8,821.0,False,,Technic,7.0,1000.0,12.97,,,None,False,True,0.0,0.0
29,"LEGO DUPLO Town Truck & Tracked Excavator Construction Vehicle 10931 Toy for Toddlers 2-4 Years Old Girls & Boys, Fine Motor Skills Development and Learning Toy",B0858LSYY1,False,4.9,7251.0,False,,DUPLO,None,6000.0,15.99,19.99,Primary,None,False,True,4.0,0.2
30,LEGO City Fire Rescue Helicopter Toy - Building Set with Firefighter Minifigure Pilot - Fun Gift or Pretend Play Toy for Boys - Girls and Kids Ages 5 and Up - 60411,B0CGY54WQF,False,4.9,679.0,False,,City,5.0,1000.0,9.99,,,None,False,True,0.0,0.0
31,"LEGO City Emergency Ambulance Toy - Building Sensory Toy for Kids, Boys and Girls, Ages 5+ - Educational, Learning Gift Idea for Birthdays and Holidays - Skateboarder and Driver Minifigures - 60451",B0DJ18G28J,False,4.7,137.0,False,,City,5.0,1000.0,15.99,19.99,Primary,None,False,True,4.0,0.2
33,"LEGO Harry Potter Hagrid & Harry's Motorcycle Ride Building Toy - Kids Motorcycle Toy for Boys and Girls, Harry Potter Fans, Ages 9+ - Gift Idea for Birthdays - 76443",B0DJ18XKWX,False,4.9,195.0,False,,Harry Potter,9.0,1000.0,39.99,49.99,Primary,None,False,True,10.0,0.2
34,"LEGO NINJAGO Jay’s Mech Battle Pack Adventure Toy Set for Kids, with Jay Minifigure and Mech Figure, Creative Ninja Gift for Boys and Girls Aged 6 Years Old and Up, 71805",B0CGY4VZ1F,False,4.8,994.0,False,,NINJAGO,6.0,2000.0,9.99,,,None,False,True,0.0,0.0
35,"LEGO 71039 Marvel Series 2 Mini Figures, 1 of 12 Iconic Disney+ Characters to Collect in Each Bag, Includes Wolverine, Hawkeye, She-Hulk, Echo and More (1 Piece, Style Sent Randomly)",B0BV7D92RH,False,4.2,2682.0,False,,Disney,None,1000.0,9.49,9.99,Primary,None,False,True,0.5,0.05
36,"LEGO Friends Heartlake City Café Shop Toy for Kids, Bakery Building Set, Birthday Gift Idea for Girls and Boys Ages 6 Years and Up with 3 Mini Dolls and a Dog Toy Figure, 42618",B0CRW144BV,False,4.8,315.0,False,,City,6.0,1000.0,29.99,,,None,False,True,0.0,0.0
37,The LEGO Batman Movie,B01N29REEF,False,4.7,17897.0,False,,Other,None,,14.99,,Prime Video,None,False,False,0.0,0.0
38,"LEGO City Tow Truck and Sports Car Repair Building Set, Kids Gift Idea with 2 Minifigures and Accessories Including a Cochlear Implant, Pretend Play Tow Truck Toy for Boys & Girls Ages 4 and Up, 60435",B0CV2PV14Q,False,4.9,237.0,False,,City,4.0,1000.0,19.99,,,None,False,True,0.0,0.0
44,"LEGO Star Wars Luke Skywalker X-Wing Mech, Buildable Star Wars Action Figure with Luke Skywalker Toy, Collectible Building Set for Kids, Creative Star Wars Gift for Boys and Girls Ages 6 and Up, 75390",B0CV2BHWVK,False,4.8,585.0,False,,Star Wars,6.0,1000.0,9.99,15.99,Primary,None,False,True,6.0,0.38
47,Sunflower Building Set Flowers with Vase Van Gogh Botanical Collection for Adult -1009pcs Compatible with Lego,B0DK8B9CLK,False,4.5,135.0,False,,Other,None,800.0,39.99,,,None,False,False,0.0,0.0
48,"LEGO NINJAGO Zane's Battle Suit Mech Ninja Toy - Building Toy for Pretend Play for Kids, Boys and Girls, Ages 6+ - with 3 Minifigures - Gift Idea for Birthdays - 71827",B0DJ17CR8W,False,4.8,245.0,False,,NINJAGO,6.0,1000.0,9.86,,,None,False,True,0.0,0.0
1,"LEGO Creator 3 in 1 Typewriter with Flowers - Birthday Gift for Kids - Building Toy with 3 Building Options, Typewriter, Flowerpot with Pen & Notebook, or Keytar - 31169",B0DJ1D4TYS,False,4.9,389.0,False,,Creator,None,2000.0,23.95,29.99,Primary,None,False,True,6.04,0.2
4,"LEGO Creator Main Street 31141 Building Toy Set, 3 in 1 Features a Toy City Art Deco Building, Market Street Hotel, Café Music Store and 6 Minifigures, Endless Play Possibilities for Boys and Girls",B0BSRF1VHN,False,4.8,321.0,False,,City,None,600.0,114.99,139.99,Primary,Only 2 left in stock - order soon.,False,True,25.0,0.18
5,"LEGO Minecraft Woodland Mansion Fighting Ring - Building Toy for Kids Age 10+ - Includes Steve, Garrett, & Henry Minecraft Figures, Plus a Chicken Jockey & More - Birthday Gift Idea for Fans - 21272",B0DJ1BGVQY,False,4.9,150.0,False,,Other,10.0,5000.0,47.49,49.99,Primary,None,False,False,2.5,0.05
6,"LEGO Technic NEOM McLaren Formula E Toy Cars - Building Toy for Kids, Boys & Girls, Ages 9+ - McLaren Race Car with V10 Engine & Steering - Gift Idea for Birthdays - 42169",B0CGY3XWPW,False,4.8,296.0,False,,Technic,9.0,400.0,39.99,49.99,Primary,None,False,True,10.0,0.2
10,"LEGO Technic Lamborghini Huracán Tecnica Advanced Sports Car Building Kit for Kids Ages 9 and up Who Love Engineering and Collecting Exotic Sports Car Toys, 42161",B0BSRFHRLW,False,4.8,1966.0,False,,Technic,9.0,2000.0,39.99,49.99,Primary,None,False,True,10.0,0.2
13,"LEGO Roses - Building Toy for Kids, Girls & Boys, Ages 8+ - Artificial, Fake Roses for Home Decor & Display - Gift Idea for Plant & Flower Lovers - 40460",B0BH45SNRM,False,4.8,5330.0,False,,Art,8.0,5000.0,8.99,14.99,Primary,None,False,True,6.0,0.4
14,"LEGO Icons Fountain Garden Building Set - DIY Kit for Adults, Ages 18+ - Miniature Craft Building Blocks for Wedding Decor, Display - Gift for Wedding - with Cypress Trees and Grape Vines - 10359",B0DJ1BM44M,False,4.8,68.0,False,,Other,18.0,1000.0,63.95,99.99,Primary,Only 17 left in stock - order soon.,False,False,36.04,0.36
16,"LEGO Star Wars: The Mandalorian Paz Vizsla and Moff Gideon Battle, Fun Building Set for Kids, Collectible Star Wars Toy with 4 Minifigures, Star Wars Birthday Gift for 7 Year Old Boys and Girls, 75386",B0CV23B3LT,False,4.8,372.0,False,,Star Wars,None,1000.0,24.49,39.99,Primary,None,False,True,15.5,0.39
17,"LEGO City Spaceship and Asteroid Discovery Toy Building Set, Gift for Kids Ages 4 Years Old and Up who Love Pretend Play, Includes 2 Space Crew Minifigures, Alien, Crystals, and Crane Toy, 60429",B0CGY2L3MV,False,4.9,447.0,False,,City,4.0,1000.0,15.99,19.99,Primary,None,False,True,4.0,0.2
21,"LEGO NINJAGO Cole’s Elemental Earth Mech Mini Ninja Toy, Customizable Action Figure Adventure Toy with Cole and Wolf Warrior Minifigures, Ninja Gift for Boys, Girls and Kids Ages 7 and Up, 71806",B0CGYF52TY,False,4.8,1162.0,False,,NINJAGO,7.0,2000.0,17.99,19.99,Primary,None,False,True,2.0,0.1
24,"LEGO Botanicals Bouquet of Roses Artificial Flowers - Fake Red Roses Building Set for Adults, Ages 18+ - Wedding Decor for Table Display - Gift for Wedding, Bridesmaid - 10328",B0CGY4X222,False,4.9,4371.0,False,,Botanicals,18.0,2000.0,47.95,59.99,Primary,None,False,True,12.04,0.2
35,"LEGO Botanicals Petite Sunny Bouquet Flower Set - DIY Floral Arrangement - Wedding Decor - Gift for Bride, Bridesmaids - Building Toy for Kids 9+ - Faux Bluebells, Tulip, Daisy, and More - 10347",B0DJXWGRV2,False,4.8,121.0,False,,Botanicals,None,1000.0,29.97,,,None,False,True,0.0,0.0
36,"LEGO Animal Crossing Fly with Dodo Airlines Airport Playset, Kids’ Airplane Toy and Pilot Minifigure Inspired by The Video Game Series, Gift for Girls and Boys Ages 7 and Up, 77051",B0CV2HW4XR,False,4.9,294.0,False,,Other,7.0,1000.0,23.99,37.99,Primary,None,False,False,14.0,0.37
43,"LEGO Friends Heartlake City Candy Store Building Toy - Pretend Play Set for Kids, Girls and Boys, Ages 6+ - Gift for Birthdays - with 2 Minidolls, a Micro-Doll, and a Cat Figure - 42649",B0DJ1C5854,False,4.9,104.0,False,,City,6.0,2000.0,23.96,29.99,Primary,None,False,True,6.03,0.2
44,The Lego Movie 2: The Second Part,B07QNTFDQ7,False,4.7,19537.0,False,,Art,None,,14.99,,Prime Video,None,False,True,0.0,0.0
46,"LEGO Jurassic World Baby Bumpy: Ankylosaurus Dinosaur Toy for Camp Cretaceous Fans and Kids Aged 7 Plus, Fun Build-a-Dinosaur Jurassic Park Toy for Boys and Girls, Animal Toy Playset, 76962",B0CV2DCN3H,False,4.9,677.0,False,,Other,7.0,2000.0,21.24,24.99,Primary,None,False,False,3.75,0.15
5,The LEGO Story: How a Little Toy Sparked the World's Imagination,0063258021,False,4.6,342.0,False,,Other,None,,18.71,32.5,Hardcover,None,False,False,13.79,0.42
7,LEGO DC Super Heroes: Aquaman: Rage Of Atlantis,B0FCCL4VJ5,False,4.6,874.0,False,,Other,None,,13.29,14.98,DVD,None,False,False,1.69,0.11
8,The Lego Movie (4K Ultra HD) [4K UHD],B01BHKNYR2,False,4.7,25561.0,False,,Other,None,100.0,16.36,24.98,4K,None,False,False,8.62,0.35
9,The LEGO Movie 2: The Second Part (Blu-ray),B07MHQ5FDY,False,4.7,19537.0,False,,Art,None,100.0,7.33,,Blu-ray,None,False,True,0.0,0.0
10,"Lego Batman Movie, The (Blu-ray) (BD)",B06W53FHJJ,False,4.7,17897.0,False,,Other,None,100.0,8.99,16.98,Blu-ray,None,False,False,7.99,0.47
25,"LEGO Icons PAC-Man Arcade Building Kit, Build a Replica Model of a Classic Video Game, Nostalgic Gift for Fans of Retro Video Games and Retro Décor, Includes PAC-Man, Blinky and Clyde, 10323",B0CGYQ2WJC,False,4.8,235.0,False,,Classic,None,300.0,269.95,,,None,False,True,0.0,0.0
28,"LEGO Botanicals Pretty Pink Flower Bouquet Building Set for Adults - Artificial Flowers for Wedding Decor or Table Display - Gift for Wedding, Bridesmaid - 10342",B0DHLJ6TR9,False,4.9,735.0,False,,Botanicals,None,2000.0,59.95,,,None,False,True,0.0,0.0
29,"LEGO NINJAGO Lloyd's Green Forest Dragon Toy - Pretend Play Building Toy for Boys and Girls, Ages 6+ - Birthday Gift for Kids - Dragon Figurine with 2 Minifigures for Kids - 71829",B0DJ17HYMR,False,4.9,271.0,False,,NINJAGO,6.0,3000.0,19.96,,,None,False,True,0.0,0.0
30,"LEGO City Police Mobile Crime Lab Truck Toy, Pretend Play Police Toy, Includes Quad Bike, 2 Officers, 1 Scientist and 2 Crook Minifigures, Police Truck Toy for Kids Ages 7 Plus, 60418",B0CGY49Z9C,False,4.8,373.0,False,,City,7.0,1000.0,43.99,54.99,Primary,None,False,True,11.0,0.2
31,The Lego Ninjago Movie,B0759YH4QC,False,4.7,9352.0,False,,NINJAGO,None,,14.99,,Prime Video,None,False,True,0.0,0.0
32,"LEGO Star Wars The Mandalorian's N-1 Starfighter 75325 Building Set - The Book of Boba Fett, Featuring Baby Yoda Grogu and Droid Toy Figures, Birthday Gift idea for Kids, Boys & Girls Ages 9+",B09Q9848S5,False,4.9,4561.0,False,,Star Wars,9.0,2000.0,47.99,59.99,Primary,None,False,True,12.0,0.2
33,"LEGO Minecraft The Pirate Ship Voyage, Boat Toy Playset for Kids with Squid, Camel and Pirate Figures, Pirate Toy Building Set for Action Role-Play, Minecraft Gift for 8 Year Old Boys and Girls, 21259",B0CV2FCL2Y,False,4.8,572.0,False,,Other,None,1000.0,12.99,14.99,Primary,None,False,False,2.0,0.13
34,"LEGO Star Wars Captain Rex Helmet Building Set, The Clone Wars Collectible Model for Adults, Star Wars Memorabilia, 75349",B0BLJ2V7YQ,False,4.9,2554.0,False,,Star Wars,None,1000.0,55.99,69.99,Primary,None,False,True,14.0,0.2
35,"LEGO City Fire 4x4 Fire Truck with Rescue Boat Building Toy - Pretend Play Preschool Toy for Boys & Girls, Ages 5+ - Gift Ideas for Birthdays - 60412",B0CGY5JPBQ,False,4.9,454.0,False,,City,5.0,2000.0,27.99,34.99,Primary,None,False,True,7.0,0.2
36,LEGO Icons French Café Paris Building Kit - DIY Set for Adults - Collectible Bedroom and Home Decor - Display for Home or Office - Gift for Wedding or Bride - 10362,B0DJ1C7BBP,False,4.5,33.0,False,,Other,None,400.0,79.99,,,None,False,False,0.0,0.0
40,"LEGO Technic McLaren P1 Hypercar Building Set, Gift for Adult Racing Fans, Race Car Collectible Model with V8 Piston Engine and 7-Speed Gearbox, 42172",B0CV2CLZXJ,False,4.7,137.0,False,,Technic,None,100.0,449.95,,,None,False,True,0.0,0.0
42,"LEGO Creator 3 in 1 Medieval Dragon Toy - Building Toy with 3 Build Options, Dragon, Sea Serpent, or Phoenix - Fantasy Set for Kids, Boys and Girls, Ages 9+ - Gift Idea for Birthdays - 31161",B0DJ1B4PZR,False,4.9,258.0,False,,Creator,9.0,2000.0,55.99,59.99,Primary,None,False,True,4.0,0.07
44,"LEGO Marvel Spider-Man Final Battle Building Toy Set, Marvel Collectible Based on The Climax of The Spider-Man: No Way Home Movie, Multiverse Marvel Playset with 3 Versions of Spider-Man, 76261",B0BSRG6RYX,False,4.8,894.0,False,,Marvel,None,700.0,99.09,109.99,Primary,None,False,True,10.9,0.1
46,LEGO Creator Expert Roller Coaster 10261 Building Kit (4124 Pieces),B07D69M13J,False,4.7,671.0,False,,Creator,None,50.0,534.99,,,None,False,True,0.0,0.0
47,"LEGO Disney Tim Burton's The Nightmare Before Christmas Decor - Building Set for Adults for Display, Ages 18+ - Collectible DIY Craft for Fans of Iconic Movie with Minifigures Included - 21351",B0CYM126TT,False,4.8,121.0,False,,Disney,18.0,400.0,199.99,,,None,False,True,0.0,0.0
50,"Lego Movie, The (Blu-ray)",B00I6JOBTI,False,4.7,25561.0,False,,Other,None,100.0,7.96,14.97,Blu-ray,None,False,False,7.01,0.47
51,"LEGO Ideas Motorized Lighthouse 21335 Adult Model Building Kit, Complete with Rotating Lights, Quaint Cottage and a Mysterious Cave, Creative Gift Idea",B0B525G8WW,False,4.7,532.0,False,,Ideas,None,300.0,299.95,,,None,False,True,0.0,0.0
54,"LEGO Classic Green Baseplate, Square 32x32 Stud Foundation to Build, Play, and Display Brick Creations, Great for Grassy Nature Landscapes, 11023",B09JKVKC47,False,4.8,32582.0,False,,Classic,None,8000.0,5.79,7.99,Primary,None,False,True,2.2,0.28
55,Lego DC Comics Super Heroes: The Flash,B078WGS36L,False,4.6,1499.0,False,,Other,None,,6.99,,Prime Video,None,False,False,0.0,0.0
57,"LEGO Star Wars at-at Walker 75313 Buildable Model - Collectible Set for Adults, Ultimate Build and Display Set, 9 Minifigures Including General Veers, Luke Skywalker, Snowtroopers and at-at Drivers",B09JKZ62H7,False,4.5,415.0,False,,Star Wars,None,100.0,1128.99,1199.99,Primary,None,False,True,71.0,0.06
58,"Tree House Building Set Compatible with Lego Friends, 504 PCS Forest House Building Kit Birthday Gift for Kids Girls Boys Age 6-12 Years（7652）",B0CTBQGFCM,False,4.3,163.0,False,,Friends,6.0,1000.0,24.99,,,None,False,True,0.0,0.0
60,"LEGO Ideas A-Frame Cabin 21338 Collectible Display Set, Buildable Model Kit for Adults, Gift for Nature and Architecture Lovers, Includes 4 Customizable Minifigures and 11 Animal Figures",B0BNWBR8RS,False,4.8,419.0,False,,Architecture,None,600.0,179.99,,,None,False,True,0.0,0.0
5,LEGO Jurassic World Collection [DVD],B0DZY277KN,False,0.0,0.0,False,"{'badge_text': 'Save $4.60', 'text': 'with coupon'}",Other,None,50.0,13.86,,DVD,None,True,False,0.0,0.0
8,"LEGO Icons Leonardo da Vinci's Flying Machine DIY Kit - Ornithopter Building Set for Adults, Ages 18+ - Craft for Home or Office Decor with Display Stand - Gift Idea - 10363",B0DJ18K6WB,False,4.8,228.0,False,,Other,18.0,1000.0,49.95,,,None,False,False,0.0,0.0
9,"LEGO Icons Porsche 911 10295 Building Set, Collectible Turbo Targa, 2in1 Porsche Race Car Model Kit for Adults and Teens to Build, Gift Idea",B08T26NDPN,False,4.8,1844.0,False,,Other,None,500.0,167.99,,,None,False,False,0.0,0.0
10,"Friends Summer House Building Set for Girls 6-12, Girls Beach Villa Building Kit with 7 Minifigures, Compatible with Lego Friends Heartlake House, 938 PCS",B0DHVZNYXG,False,4.4,69.0,False,"{'badge_text': 'Save 20%', 'text': 'with coupon'}",Friends,None,100.0,49.99,,,None,True,True,0.0,0.0
12,"Flowers Roses Building Set Compatible with Lego for Adults,Gift for Christmas,Wedding,Anniversary,Botanical Collection,Artificial Flowers Home Decoration 741 pcs",B0F7H2RY7Z,False,4.6,13.0,True,,Art,None,,19.99,32.0,Save 38%,None,False,True,12.01,0.38
15,"LEGO Star Wars at-TE Walker 75337 Poseable Toy, Revenge of The Sith Set, Gift for Kids with 3 212th Clone Troopers, Dwarf Spider & Battle Droid Figures",B09XWQ7X53,False,4.8,2200.0,False,,Star Wars,None,3000.0,139.99,,,None,False,True,0.0,0.0
17,"LEGO Art Vincent Van Gogh – Sunflowers Building Set for Adults - Wedding Decor Idea - Brick Built Painting - Gift for Wedding, Bride, Bridesmaids - 31215",B0DJ19G7D7,False,5.0,31.0,False,,Art,None,1000.0,199.99,,,None,False,True,0.0,0.0
18,"LEGO Harry Potter Privet Drive: Aunt Marge’s Visit Kids Toy - Buildable Book Nook and Room Decor for Boys and Girls, Ages 8+ - Collectible Harry Potter Minifigure - Birthday Gift Idea - 76451",B0DRW8NT7S,False,4.8,21.0,False,,Harry Potter,8.0,1000.0,89.99,,,None,False,True,0.0,0.0
21,"Flowers Botanical Collection Music Rotating Box Building Block with Light (575 PCS), Compatible with Lego Mother's Day, Valentine and Birthday Gifts",B0CP98JS44,False,3.6,20.0,True,,Other,None,,22.99,28.99,Primary,None,False,False,6.0,0.21
23,"Creator Pirate Ship Building Set Compatible with Lego for Adults,Christmas Toy Building Blocks for Boys 8-14 Years 919 pcs",B0C1B8Q34Q,False,4.4,197.0,False,"{'badge_text': 'Save 10%', 'text': 'with coupon'}",Creator,None,100.0,26.99,,,None,True,True,0.0,0.0
24,"LEGO ONE Piece The Going Merry Pirate Ship Building Blocks - Pretend Play Adventure Toy for Boys & Girls, 10+ - Straw Hat Crew Toy Figures & Playset for Anime Fans - Gift Idea for Birthdays - 75639",B0DRW5PCC3,False,0.0,0.0,False,,Other,None,3000.0,139.99,,,None,False,False,0.0,0.0
26,LEGO Creator Expert 10276 Colosseum (9036pcs),B08P11X1HX,False,4.5,88.0,False,,Creator,None,,1739.0,,,Only 1 left in stock - order soon.,False,True,0.0,0.0
27,"LEGO DC Batman & Batmobile vs. Mr. Freeze Toy Building Set - Superhero Batman Toy for Preschool Kids, Boys and Girls, Ages 4+ - Gift Idea for Kids Birthday - 76301",B0DJ1D6QQB,False,4.7,101.0,False,,Other,4.0,1000.0,15.99,19.99,Primary,None,False,False,4.0,0.2
28,"LEGO Star Wars The Mandalorian Helmet 75328 Buildable Model Kit, Display Collectible Decoration Set for Adults, Men, Women, Mom, Dad, Collectible Gift Idea",B09JKZM4CM,False,4.9,6084.0,False,,Star Wars,None,2000.0,55.99,69.99,Primary,None,False,True,14.0,0.2
30,"LEGO Icons NASA Artemis Space Launch System - DIY Rocket Model Building Set for Adults, Ages 18+ - Gifts for Graduation - Unique Bedroom Decoration for Space & NASA Lovers - 10341",B0CRWGX5NH,False,4.7,274.0,False,,Art,18.0,600.0,259.9,,,Only 4 left in stock - order soon.,False,True,0.0,0.0
